"year","week","outcome","n","estimate","se","lower","upper"
2000,-315,"own_fav",44,73.6590909090909,2.56644125192773,68.4833688565517,78.8348129616301
2000,-315,"other_fav",44,33.0454545454545,3.75307548944123,25.4766564827853,40.6142526081238
2000,-315,"gap_fav",44,40.6136363636364,5.12179522953097,30.284551878199,50.9427208490738
2000,-315,"own_trait",17,63.0718954248366,4.64789585045147,53.218796381236,72.9249944684371
2000,-315,"other_trait",17,41.3398692810458,5.42055307692757,29.8488100885569,52.8309284735346
2000,-315,"gap_trait",17,21.7320261437908,7.37718407293728,6.09309453424048,37.3709577533412
2000,-315,"own_ideology",11,43.1818181818182,6.81818181818182,27.9899623728209,58.3736739908155
2000,-315,"other_ideology",10,57.5,10.5738146170413,33.5803695259597,81.4196304740403
2000,-315,"own_distance",11,20.4545454545455,5.65904527181306,7.84540681926955,33.0636840898214
2000,-315,"other_distance",10,57.5,9.8952850725316,35.1153099952425,79.8846900047575
2000,-308,"own_fav",309,73.3689320388349,1.23680758215991,70.9352707009393,75.8025933767304
2000,-308,"other_fav",309,41.6957928802589,1.58641115024041,38.5742179982516,44.8173677622662
2000,-308,"gap_fav",309,31.673139158576,2.19208021836843,27.3597916710934,35.9864866460587
2000,-308,"own_trait",103,68.311758360302,1.72187407276351,64.8964293011332,71.7270874194707
2000,-308,"other_trait",103,40.0755124056095,2.41867351719026,35.278084952251,44.8729398589679
2000,-308,"gap_trait",103,28.2362459546925,2.99999948280055,22.2857612048665,34.1867307045185
2000,-308,"own_ideology",101,43.3168316831683,2.40901486348444,38.5374148063153,48.0962485600214
2000,-308,"other_ideology",97,51.8041237113402,3.02675069243176,45.7960710719735,57.812176350707
2000,-308,"own_distance",99,17.4242424242424,2.07611754255962,13.3042547292987,21.5442301191861
2000,-308,"other_distance",95,35.2631578947369,2.76189114033616,29.7793582917157,40.746957497758
2000,-301,"own_fav",283,70.6855123674914,1.3523211177795,68.0235873859554,73.3474373490273
2000,-301,"other_fav",283,39.3957597173146,1.71248576916906,36.0248823498436,42.7666370847856
2000,-301,"gap_fav",283,31.2897526501767,2.31355958569869,26.7357144291693,35.8437908711841
2000,-301,"own_trait",100,64.4166666666667,1.99711999585406,60.4539473165408,68.3793860167925
2000,-301,"other_trait",100,40.1388888888889,2.26508019511683,35.6444783690354,44.6332994087424
2000,-301,"gap_trait",100,24.2777777777778,2.86523924997477,18.5925214876271,29.9630340679285
2000,-301,"own_ideology",89,42.1348314606741,2.28085421895831,37.6021129881809,46.6675499331674
2000,-301,"other_ideology",84,52.6785714285715,3.2528799506156,46.2087240370589,59.1484188200841
2000,-301,"own_distance",87,18.3908045977012,2.06240234372026,14.2908844315921,22.4907247638102
2000,-301,"other_distance",84,39.5833333333333,2.78330035262735,34.0474608758102,45.1192057908565
2000,-294,"own_fav",317,73.5047318611987,1.23131015367675,71.0821297263165,75.9273339960809
2000,-294,"other_fav",317,40.4227129337539,1.59415259306818,37.2862184739602,43.5592073935477
2000,-294,"gap_fav",317,33.0820189274448,2.13354849602273,28.8842632881323,37.2797745667573
2000,-294,"own_trait",106,67.2169811320754,1.87901357259062,63.4912443206745,70.9427179434763
2000,-294,"other_trait",106,37.1069182389937,2.25584424555137,32.6339958136118,41.5798406643757
2000,-294,"gap_trait",106,30.1100628930818,3.01317105294604,24.1355013067433,36.0846244794203
2000,-294,"own_ideology",87,42.816091954023,2.23532242164095,38.3724180500699,47.2597658579761
2000,-294,"other_ideology",85,52.9411764705883,3.00010984584969,46.9751290291426,58.907223912034
2000,-294,"own_distance",86,18.3139534883721,2.04365901486965,14.2506118552802,22.3772951214639
2000,-294,"other_distance",85,35,2.71807931857642,29.5948011914722,40.4051988085278
2000,-287,"own_fav",368,73.1793478260869,1.2064906205063,70.8068456166568,75.551850035517
2000,-287,"other_fav",368,42.4048913043478,1.53078882010791,39.3946732420202,45.4151093666754
2000,-287,"gap_fav",368,30.7744565217391,2.05231650097256,26.7386809009026,34.8102321425756
2000,-287,"own_trait",110,65.909090909091,1.92694345902054,62.0899516187519,69.72823019943
2000,-287,"other_trait",110,41.3636363636364,2.18146334769118,37.0400469284607,45.687225798812
2000,-287,"gap_trait",110,24.5454545454546,3.05715101284076,18.4862806267892,30.6046284641199
2000,-287,"own_ideology",122,44.672131147541,2.12304222949454,40.4690090753191,48.8752532197629
2000,-287,"other_ideology",124,48.7903225806451,2.71370317447662,43.4187135372257,54.1619316240646
2000,-287,"own_distance",120,18.9583333333333,2.00655075067457,14.9851624398181,22.9315042268486
2000,-287,"other_distance",123,39.4308943089431,2.59768710884296,34.2885132239313,44.5732753939549
2000,-280,"own_fav",438,71.285388127854,1.09182909511197,69.1394992175313,73.4312770381767
2000,-280,"other_fav",438,41.4771689497719,1.33368581949098,38.8559330597292,44.0984048398146
2000,-280,"gap_fav",438,29.8082191780822,1.74869341108504,26.3713243241152,33.2451140320492
2000,-280,"own_trait",157,61.7126680820948,1.54722409904508,58.6564556476334,64.7688805165563
2000,-280,"other_trait",157,43.7544232130219,1.8173334971998,40.1646670586722,47.3441793673717
2000,-280,"gap_trait",157,17.9582448690729,2.2626958743109,13.4887699748144,22.4277197633313
2000,-280,"own_ideology",142,42.6056338028169,2.11704173845328,38.4203873273156,46.7908802783182
2000,-280,"other_ideology",135,54.4444444444445,2.58715769276165,49.3274973194673,59.5613915694217
2000,-280,"own_distance",140,17.8571428571429,1.54758610658805,14.7972900804663,20.9169956338195
2000,-280,"other_distance",133,37.593984962406,2.2424282763087,33.1582401859419,42.0297297388702
2000,-273,"own_fav",375,70.4773333333333,1.20868974103251,68.1006538394153,72.8540128272513
2000,-273,"other_fav",375,40.2026666666666,1.50387875770779,37.2455489850607,43.1597843482726
2000,-273,"gap_fav",375,30.2746666666666,2.00526705621124,26.3316555443456,34.2176777889876
2000,-273,"own_trait",125,65.5555555555555,1.74030854595542,62.1109974537885,69.0001136573226
2000,-273,"other_trait",125,42.7777777777778,2.2116684875913,38.4002663157668,47.1552892397887
2000,-273,"gap_trait",125,22.7777777777778,2.91472456249114,17.0087214058593,28.5468341496962
2000,-273,"own_ideology",117,43.1623931623932,2.11620685583173,38.9709788371506,47.3538074876357
2000,-273,"other_ideology",107,55.1401869158878,2.92703391262895,49.3370574956149,60.9433163361607
2000,-273,"own_distance",116,23.0603448275862,2.21058815001371,18.6815951497641,27.4390945054083
2000,-273,"other_distance",106,39.8584905660377,2.85896200288085,34.1896970395259,45.5272840925495
2000,-266,"own_fav",318,73.0062893081762,1.24925622147432,70.5484081017861,75.4641705145663
2000,-266,"other_fav",318,42.1037735849058,1.63802011251741,38.8810088861683,45.3265382836432
2000,-266,"gap_fav",318,30.9025157232704,2.30934948284164,26.3589268299011,35.4461046166397
2000,-266,"own_trait",83,67.904953145917,2.01981988683315,63.8868879629663,71.9230183288677
2000,-266,"other_trait",83,46.5863453815261,2.44724511584801,41.7179952587078,51.4546955043444
2000,-266,"gap_trait",83,21.3186077643909,3.10869970489005,15.1344137528881,27.5028017758937
2000,-266,"own_ideology",106,42.4528301886792,2.42056671672023,37.6532935315264,47.252366845832
2000,-266,"other_ideology",110,52.0454545454545,2.90831216119623,46.2812743919583,57.8096346989507
2000,-266,"own_distance",106,20.5188679245283,2.16661059290529,16.2228793485496,24.814856500507
2000,-266,"other_distance",110,39.7727272727272,2.5890208649895,34.6413720880686,44.9040824573859
2000,-259,"own_fav",341,68.9237536656893,1.38332692796889,66.2027969993315,71.6447103320471
2000,-259,"other_fav",341,38.7184750733139,1.51675983832901,35.7350604444779,41.7018897021498
2000,-259,"gap_fav",341,30.2052785923754,2.05345510175224,26.1662027707379,34.2443544140129
2000,-259,"own_trait",113,65.4375614552605,1.70459276298443,62.060129398841,68.81499351168
2000,-259,"other_trait",113,41.2733529990167,2.38395268234741,36.5498563462148,45.9968496518186
2000,-259,"gap_trait",113,24.1642084562439,2.7377375110832,18.739732515254,29.5886843972337
2000,-259,"own_ideology",111,42.5675675675676,2.32042603976051,37.9690278022143,47.1661073329209
2000,-259,"other_ideology",105,50.2380952380952,3.05428671941284,44.1813300568587,56.2948604193317
2000,-259,"own_distance",109,20.1834862385321,1.9409024884994,16.3362807921426,24.0306916849216
2000,-259,"other_distance",103,33.252427184466,2.65819560837171,27.979908798928,38.5249455700039
2000,-252,"own_fav",364,71.5796703296703,1.24632080330932,69.1287547451928,74.0305859141479
2000,-252,"other_fav",364,35.2994505494506,1.50497002009203,32.3398959415029,38.2590051573982
2000,-252,"gap_fav",364,36.2802197802198,1.97957018106584,32.3873541597001,40.1730854007396
2000,-252,"own_trait",130,65.5128205128205,1.71997409692965,62.1098096373353,68.9158313883057
2000,-252,"other_trait",130,36.4957264957265,2.03714707442551,32.4651811162303,40.5262718752227
2000,-252,"gap_trait",130,29.017094017094,2.71750374620287,23.6404462995451,34.393741734643
2000,-252,"own_ideology",113,44.6902654867257,2.18755818582603,40.3558993539281,49.0246316195234
2000,-252,"other_ideology",113,50.6637168141594,3.05443685230934,44.6117417246741,56.7156919036446
2000,-252,"own_distance",113,19.0265486725664,1.8928077733641,15.276192699444,22.7769046456888
2000,-252,"other_distance",113,39.1592920353983,2.58919782579716,34.0291284402248,44.2894556305718
2000,-245,"own_fav",376,73.8377659574469,1.22858710213883,71.4219826550805,76.2535492598132
2000,-245,"other_fav",376,36.5877659574469,1.5403304051091,33.5589986308879,39.6165332840058
2000,-245,"gap_fav",376,37.25,2.10089899703548,33.1189809553096,41.3810190446905
2000,-245,"own_trait",129,63.8673557278209,1.58984885624572,60.7215681403195,67.0131433153223
2000,-245,"other_trait",129,39.6425495262704,1.87203483650081,35.9384087654054,43.3466902871355
2000,-245,"gap_trait",129,24.2248062015504,2.49506357341367,19.2878966403445,29.1617157627562
2000,-245,"own_ideology",128,40.625,2.12997333723285,36.4101671518874,44.8398328481126
2000,-245,"other_ideology",123,54.4715447154471,2.76881024443696,48.9904082920072,59.952681138887
2000,-245,"own_distance",124,17.9435483870968,1.73100202389662,14.517136017021,21.3699607571725
2000,-245,"other_distance",119,36.5546218487395,2.40156436336735,31.7988705851202,41.3103731123588
2000,-238,"own_fav",526,74.1235741444866,1.01439033506643,72.1308115796267,76.1163367093464
2000,-238,"other_fav",526,37.8098859315589,1.25294942796263,35.3484757333407,40.2712961297771
2000,-238,"gap_fav",526,36.3136882129277,1.78043894911097,32.816028619617,39.8113478062384
2000,-238,"own_trait",168,65.1785714285714,1.41670744531006,62.3816070646904,67.9755357924525
2000,-238,"other_trait",168,38.2936507936508,1.75618567831029,34.8264644138142,41.7608371734874
2000,-238,"gap_trait",168,26.8849206349206,2.47630629419093,21.9960210375937,31.7738202322475
2000,-238,"own_ideology",164,41.6158536585366,1.98515739226936,37.6959129952682,45.5357943218051
2000,-238,"other_ideology",159,55.9748427672956,2.58656283034824,50.8661430255031,61.0835425090881
2000,-238,"own_distance",160,19.53125,1.71230567173136,16.1494527832303,22.9130472167697
2000,-238,"other_distance",157,41.8789808917197,2.33923480243512,37.2583196088845,46.499642174555
2000,-231,"own_fav",428,71.4579439252337,1.14926567436168,69.1990218249056,73.7168660255618
2000,-231,"other_fav",428,38.2196261682242,1.35831287696196,35.5498144394141,40.8894378970343
2000,-231,"gap_fav",428,33.2383177570093,1.96395779639799,29.3780896397298,37.0985458742888
2000,-231,"own_trait",155,61.0931899641577,1.66198522770926,57.8099579938562,64.3764219344592
2000,-231,"other_trait",155,37.7240143369176,1.74535181540506,34.2760926681673,41.1719360056679
2000,-231,"gap_trait",155,23.3691756272402,2.57056422139833,18.2910567049433,28.447294549537
2000,-231,"own_ideology",138,42.9347826086956,1.97488211539228,39.0295890730898,46.8399761443015
2000,-231,"other_ideology",140,53.3928571428571,2.7203828177454,48.0141768335247,58.7715374521896
2000,-231,"own_distance",138,18.4782608695652,1.65254412439566,15.2104685382688,21.7460532008617
2000,-231,"other_distance",138,41.304347826087,2.50161502252012,36.3575761993767,46.2511194527973
2000,-224,"own_fav",355,72.887323943662,1.32381667691479,70.2837897080355,75.4908581792885
2000,-224,"other_fav",355,38.0169014084508,1.54026072730338,34.9876892786632,41.0461135382383
2000,-224,"gap_fav",355,34.8704225352113,2.17154430634928,30.5996726312772,39.1411724391454
2000,-224,"own_trait",108,63.2458847736626,1.99039238336841,59.3001640127487,67.1916055345765
2000,-224,"other_trait",108,41.7695473251029,2.36176736512067,37.087618976264,46.4514756739417
2000,-224,"gap_trait",108,21.4763374485597,3.31752853864313,14.8997240434703,28.0529508536491
2000,-224,"own_ideology",108,43.7499999999999,2.03074861679567,39.7242777130569,47.775722286943
2000,-224,"other_ideology",107,49.5327102803738,3.23540951948503,43.1181962263527,55.9472243343948
2000,-224,"own_distance",105,17.1428571428571,1.86280483757666,13.4488452454272,20.8368690402871
2000,-224,"other_distance",103,44.1747572815533,2.8486615926935,38.5244505191956,49.8250640439111
2000,-217,"own_fav",231,72.4805194805195,1.44256801948035,69.6381818766269,75.3228570844122
2000,-217,"other_fav",231,37.5064935064935,1.76065357252412,34.037421830819,40.975565182168
2000,-217,"gap_fav",231,34.9740259740259,2.51217192786263,30.0242138046285,39.9238381434234
2000,-217,"own_trait",241,61.675887505763,1.23865928907124,59.2358555015558,64.1159195099703
2000,-217,"other_trait",241,38.2895343476256,1.29405673451179,35.7403750466558,40.8386936485954
2000,-217,"gap_trait",241,23.3863531581373,1.80146035353505,19.8376606680242,26.9350456482505
2000,-217,"own_ideology",233,42.2746781115879,1.52730573404767,39.2655163049661,45.2838399182097
2000,-217,"other_ideology",232,52.9094827586207,1.93741214372039,49.092225458316,56.7267400589255
2000,-217,"own_distance",231,18.0735930735931,1.43179031524437,15.2524911227995,20.8946950243866
2000,-217,"other_distance",230,38.9130434782609,1.79908981095825,35.3681577840852,42.4579291724365
2000,-210,"own_fav",228,72.7543859649123,1.4396980979174,69.9175047555437,75.5912671742808
2000,-210,"other_fav",228,36.6228070175439,1.80773407683001,33.0607221321692,40.1848919029186
2000,-210,"gap_fav",228,36.1315789473684,2.38566534025387,31.4306981270088,40.8324597677279
2000,-210,"own_trait",233,65.2718168812589,1.24013524053029,62.8284504238047,67.7151833387131
2000,-210,"other_trait",233,40.5817835002384,1.46849090702015,37.6885011322967,43.4750658681802
2000,-210,"gap_trait",233,24.6900333810205,1.84684292809654,21.0513059945074,28.3287607675336
2000,-210,"own_ideology",226,41.8141592920354,1.42740555598056,39.0013661603197,44.6269524237511
2000,-210,"other_ideology",221,50,2.09674484741527,45.8677235289098,54.1322764710903
2000,-210,"own_distance",219,16.2100456621004,1.22124534689021,13.8030863676223,18.6170049565786
2000,-210,"other_distance",214,38.0841121495326,1.72645906941742,34.680978382163,41.4872459169022
2000,-203,"own_fav",199,67.6683417085427,1.71220052619888,64.291852345318,71.0448310717674
2000,-203,"other_fav",199,42.2763819095478,1.99249772401843,38.3471415732344,46.2056222458612
2000,-203,"gap_fav",199,25.391959798995,2.72848546649195,20.0113387710505,30.7725808269395
2000,-203,"own_trait",209,60.1541733120681,1.41529588886691,57.3640099446946,62.9443366794415
2000,-203,"other_trait",209,43.9261031366294,1.6685720030834,40.6366224595143,47.2155838137446
2000,-203,"gap_trait",209,16.2280701754386,2.12010336772812,12.0484249166539,20.4077154342233
2000,-203,"own_ideology",201,45.1492537313432,1.68875062290725,41.819212755373,48.4792947073134
2000,-203,"other_ideology",198,52.3989898989898,2.13762426942932,48.1834258951521,56.6145539028274
2000,-203,"own_distance",198,20.7070707070707,1.38757728245591,17.9706586405921,23.4434827735494
2000,-203,"other_distance",194,38.659793814433,1.98514558973374,34.744428286735,42.5751593421311
2000,-196,"own_fav",226,69.5265486725664,1.63263389218731,66.309340094871,72.7437572502618
2000,-196,"other_fav",226,38.3318584070797,1.94485484955311,34.4993986411171,42.1643181730422
2000,-196,"gap_fav",226,31.1946902654867,2.56447032268949,26.1412389321027,36.2481415988707
2000,-196,"own_trait",238,62.5700280112044,1.25203023274776,60.1034983909402,65.0365576314687
2000,-196,"other_trait",238,41.7016806722689,1.47038674224257,38.804983485472,44.5983778590658
2000,-196,"gap_trait",238,20.8683473389356,1.99289428413286,16.9422977489978,24.7943969288733
2000,-196,"own_ideology",230,44.6739130434783,1.47184540831759,41.7738222863614,47.5740038005952
2000,-196,"other_ideology",230,47.2826086956522,1.97970829403283,43.3818364454776,51.1833809458269
2000,-196,"own_distance",228,19.6271929824561,1.41783838881539,16.8333856634285,22.4210003014837
2000,-196,"other_distance",228,37.938596491228,1.75456709398081,34.4812755246373,41.3959174578187
2000,-189,"own_fav",192,69.2291666666667,1.74716109693208,65.7829578129681,72.6753755203652
2000,-189,"other_fav",192,41.4375,2.08201474414848,37.3308050550322,45.5441949449678
2000,-189,"gap_fav",192,27.7916666666667,2.90251020975687,22.06657560301,33.5167577303234
2000,-189,"own_trait",198,60.1290684624018,1.45155043969838,57.2664962738006,62.9916406510029
2000,-189,"other_trait",198,42.1436588103255,1.6014154319955,38.9855410125178,45.3017766081331
2000,-189,"gap_trait",198,17.9854096520763,2.26365353748236,13.5213059710688,22.4495133330838
2000,-189,"own_ideology",188,43.0851063829788,1.60896409342037,39.9110529842478,46.2591597817098
2000,-189,"other_ideology",190,49.7368421052631,2.1189682006058,45.5569758599794,53.9167083505467
2000,-189,"own_distance",187,18.3155080213903,1.44767062730029,15.4595432428245,21.1714727999562
2000,-189,"other_distance",189,38.3597883597884,1.84263195892914,34.7248970386194,41.9946796809574
2000,-182,"own_fav",209,72.2775119617224,1.46667295662665,69.3860620623143,75.1689618611305
2000,-182,"other_fav",209,38.7607655502392,1.98729655221238,34.84294025045,42.6785908500285
2000,-182,"gap_fav",209,33.5167464114832,2.58684363952599,28.4169532043491,38.6165396186174
2000,-182,"own_trait",215,65.374677002584,1.29626607584032,62.8195923475694,67.9297616575986
2000,-182,"other_trait",215,41.3307493540051,1.59925784644107,38.1784342089804,44.4830644990299
2000,-182,"gap_trait",215,24.0439276485788,1.99365687049114,20.1142081472379,27.9736471499197
2000,-182,"own_ideology",202,44.9257425742575,1.54305311288437,41.8830941143718,47.9683910341432
2000,-182,"other_ideology",204,50.3676470588235,1.9921330988554,46.4397206791624,54.2955734384846
2000,-182,"own_distance",201,18.407960199005,1.34885751604795,15.7481531568898,21.0677672411202
2000,-182,"other_distance",203,38.0541871921183,1.95456614840372,34.2002178638543,41.9081565203822
2000,-175,"own_fav",191,69.1675392670158,1.85140044960166,65.5155997040066,72.819478830025
2000,-175,"other_fav",191,38.5130890052357,2.11869941750947,34.3338946950085,42.6922833154629
2000,-175,"gap_fav",191,30.6544502617801,3.16132418738193,24.4186492097268,36.8902513138334
2000,-175,"own_trait",197,61.3085166384657,1.48619753007032,58.3775252258818,64.2395080510497
2000,-175,"other_trait",197,39.1144952058657,1.63961199692393,35.8809487992004,42.348041612531
2000,-175,"gap_trait",197,22.1940214326001,2.36055285633318,17.5386778387133,26.8493650264868
2000,-175,"own_ideology",190,44.8684210526315,1.5665121106713,41.7783269717713,47.9585151334918
2000,-175,"other_ideology",191,50.9162303664923,2.20669751144623,46.5634573360124,55.2690033969721
2000,-175,"own_distance",187,17.6470588235294,1.30533141852735,15.0719008522568,20.222216794802
2000,-175,"other_distance",187,39.3048128342245,2.00525175628237,35.3488519408411,43.2607737276079
2000,-168,"own_fav",160,68.375,1.8815295112984,64.6589863409754,72.0910136590246
2000,-168,"other_fav",160,43.4375,2.28237861932452,38.9298108707326,47.9451891292674
2000,-168,"gap_fav",160,24.9375,3.05946936426572,18.8950595924971,30.9799404075029
2000,-168,"own_trait",167,61.127744510978,1.58860850783615,57.9912629701185,64.2642260518375
2000,-168,"other_trait",167,42.4817032601464,1.66756011792871,39.1893429949474,45.7740635253454
2000,-168,"gap_trait",167,18.6460412508317,2.323744438872,14.0581383771876,23.2339441244758
2000,-168,"own_ideology",159,43.5534591194969,1.84231606325623,39.9147152675294,47.1922029714645
2000,-168,"other_ideology",160,52.03125,2.40760753586973,47.2762342348269,56.7862657651731
2000,-168,"own_distance",157,17.515923566879,1.47217108162632,14.6079624201402,20.4238847136177
2000,-168,"other_distance",158,37.8164556962026,2.24184473657597,33.3883882672174,42.2445231251877
2000,-161,"own_fav",177,74.0734463276836,1.664264240491,70.788963618845,77.3579290365221
2000,-161,"other_fav",177,37.2881355932203,2.26988095773748,32.8084474671262,41.7678237193145
2000,-161,"gap_fav",177,36.7853107344633,3.00321819451734,30.8583563537987,42.7122651151279
2000,-161,"own_trait",180,64.1975308641976,1.45924774666306,61.3179893563864,67.0770723720087
2000,-161,"other_trait",180,40.0925925925926,1.70396738214504,36.7301444983172,43.455040686868
2000,-161,"gap_trait",180,24.1049382716049,2.16559775674596,19.8315524507032,28.3783240925066
2000,-161,"own_ideology",172,43.4593023255814,1.68257114725891,40.1380180078128,46.78058664335
2000,-161,"other_ideology",168,54.1666666666667,2.40356739114653,49.4213733730665,58.911959960267
2000,-161,"own_distance",170,16.7647058823529,1.44176415985112,13.918518609347,19.6108931553588
2000,-161,"other_distance",167,40.8682634730538,2.10596136997825,36.7103422922734,45.0261846538343
2000,-154,"own_fav",189,72.8253968253969,1.7274889626074,69.4176437973608,76.233149853433
2000,-154,"other_fav",189,35.7089947089947,2.11889768998096,31.5291242869964,39.8888651309931
2000,-154,"gap_fav",189,37.1164021164021,2.89755978861924,31.4004940224487,42.8323102103556
2000,-154,"own_trait",195,62.4786324786325,1.43278351336703,59.6528000739997,65.3044648832653
2000,-154,"other_trait",195,40.6267806267806,1.68860401016035,37.2964017621533,43.9571594914078
2000,-154,"gap_trait",195,21.8518518518518,2.32394738553835,17.2684058759254,26.4352978277783
2000,-154,"own_ideology",186,43.4139784946236,1.62895840419262,40.2002554153643,46.6277015738829
2000,-154,"other_ideology",183,54.0983606557377,2.18785556860524,49.781537669812,58.4151836416634
2000,-154,"own_distance",182,16.6208791208791,1.44828527045511,13.7631848404252,19.478573401333
2000,-154,"other_distance",178,37.5,2.05316022151087,33.4481761748334,41.5518238251665
2000,-147,"own_fav",182,72.4010989010989,1.70553851581553,69.0358035679438,75.766394234254
2000,-147,"other_fav",182,40.8186813186813,2.0585136608732,36.7569105923485,44.8804520450141
2000,-147,"gap_fav",182,31.5824175824176,2.79546989354126,26.0665164758327,37.0983186890024
2000,-147,"own_trait",184,62.1376811594203,1.33666684954961,59.5004215386913,64.7749407801494
2000,-147,"other_trait",184,39.8097826086956,1.538464562573,36.7743736957242,42.8451915216671
2000,-147,"gap_trait",184,22.3278985507246,2.08345617579833,18.2172146912103,26.438582410239
2000,-147,"own_ideology",180,41.3888888888889,1.54241478931649,38.3452334038932,44.4325443738846
2000,-147,"other_ideology",174,50.5747126436781,2.1464899408947,46.3380323234227,54.8113929639334
2000,-147,"own_distance",178,17.5561797752809,1.33036955008401,14.9307524058865,20.1816071446753
2000,-147,"other_distance",172,37.9360465116279,1.95002760506975,34.0868208105424,41.7852722127135
2000,-140,"own_fav",187,73.3101604278075,1.68363517825756,69.9886847562142,76.6316360994007
2000,-140,"other_fav",187,41.1069518716577,2.10372905860117,36.9567149450338,45.2571887982816
2000,-140,"gap_fav",187,32.2032085561497,2.92778295013991,26.4272780183598,37.9791390939396
2000,-140,"own_trait",198,61.6582491582492,1.35192236528966,58.9921514063652,64.3243469101332
2000,-140,"other_trait",198,42.1296296296296,1.61466063804203,38.9453912386795,45.3138680205797
2000,-140,"gap_trait",198,19.5286195286195,2.08328315914798,15.42022048904,23.6370185681991
2000,-140,"own_ideology",184,44.2934782608695,1.670891700209,40.9967890274548,47.5901674942841
2000,-140,"other_ideology",187,51.3368983957218,2.20046319634086,46.9958243511378,55.6779724403058
2000,-140,"own_distance",182,17.9945054945055,1.42286968757516,15.1869601503918,20.8020508386192
2000,-140,"other_distance",184,39.1304347826086,1.93258368747952,35.3174241402136,42.9434454250037
2000,-133,"own_fav",168,74.6428571428572,1.61363341022615,71.4571075657576,77.8286067199568
2000,-133,"other_fav",168,37.5535714285715,2.17356645658397,33.2623623001673,41.8447805569756
2000,-133,"gap_fav",168,37.0892857142857,3.14446198446382,30.88126574288,43.2973056856914
2000,-133,"own_trait",169,62.9191321499014,1.45168928807151,60.0532286552492,65.7850356445535
2000,-133,"other_trait",169,41.1735700197238,1.60770057285632,37.9996713569982,44.3474686824494
2000,-133,"gap_trait",169,21.7455621301775,2.19001729638668,17.4220624153032,26.0690618450518
2000,-133,"own_ideology",167,41.9161676646706,1.71552772158101,38.5291021887966,45.3032331405446
2000,-133,"other_ideology",162,54.320987654321,2.46301768662063,49.4570003966548,59.1849749119872
2000,-133,"own_distance",166,18.0722891566265,1.56440336460566,14.983459769679,21.1611185435739
2000,-133,"other_distance",161,40.3726708074534,2.30048300146833,35.8294433390982,44.9158982758085
2000,-126,"own_fav",596,71.3573825503351,1.00224900434484,69.3890066183023,73.3257584823678
2000,-126,"other_fav",596,37.1023489932884,1.19152909039834,34.7622347365622,39.4424632500146
2000,-126,"gap_fav",596,34.2550335570469,1.72534252283493,30.8665316161735,37.6435354979203
2000,-126,"own_trait",617,61.9304880244912,0.798674510955152,60.3620330309948,63.4989430179875
2000,-126,"other_trait",617,38.897893030794,0.892269755214527,37.145633588536,40.650152473052
2000,-126,"gap_trait",617,23.0325949936971,1.25811787215748,20.5618747792351,25.503315208159
2000,-126,"own_ideology",595,41.9747899159666,0.901611828902601,40.2040551923185,43.7455246396146
2000,-126,"other_ideology",589,52.1222410865877,1.24415777668332,49.6787069575014,54.565775215674
2000,-126,"own_distance",584,17.722602739726,0.833566223477288,16.0854441859333,19.3597612935188
2000,-126,"other_distance",580,39.9999999999999,1.19336751250049,37.6561431423443,42.3438568576554
2000,-119,"own_fav",1015,72.1832512315278,0.740732631485398,70.7297069591336,73.636795503922
2000,-119,"other_fav",1015,37.8059113300496,0.919648999323156,36.0012783508077,39.6105443092916
2000,-119,"gap_fav",1015,34.377339901478,1.30513777595927,31.8162598865114,36.9384199164446
2000,-119,"own_trait",1042,62.6492855619537,0.642107950191956,61.3893121709993,63.9092589529081
2000,-119,"other_trait",1042,39.3180848795052,0.693229546923965,37.9577983689793,40.6783713900312
2000,-119,"gap_trait",1042,23.3312006824482,0.967210122627025,21.4332970392875,25.229104325609
2000,-119,"own_ideology",1011,43.916913946588,0.721355904280679,42.5013860476928,45.3324418454831
2000,-119,"other_ideology",1004,53.0378486055771,0.955553258879238,51.162735898153,54.9129613130012
2000,-119,"own_distance",1002,18.4131736526947,0.626775571923368,17.1832289419361,19.6431183634534
2000,-119,"other_distance",994,38.9839034205238,0.880724098855759,37.2556093383816,40.712197502666
2000,-112,"own_fav",1166,73.4399656946829,0.68136149692919,72.1031328364502,74.7767985529155
2000,-112,"other_fav",1166,36.3799313893655,0.846395502219758,34.7193014249088,38.0405613538222
2000,-112,"gap_fav",1166,37.0600343053174,1.19658922047465,34.7123234426596,39.4077451679753
2000,-112,"own_trait",1200,64.8750000000003,0.564398707619438,63.7676810649495,65.9823189350512
2000,-112,"other_trait",1200,39.2731481481482,0.643657841507499,38.0103271920169,40.5359691042794
2000,-112,"gap_trait",1200,25.6018518518518,0.879056353159889,23.8771920826324,27.3265116210713
2000,-112,"own_ideology",1161,43.432385874246,0.65016609957075,42.156752740683,44.7080190078091
2000,-112,"other_ideology",1141,52.6730937773877,0.890121318510671,50.926633827747,54.4195537270284
2000,-112,"own_distance",1154,18.0459272097053,0.571658258039503,16.9243202239872,19.1675341954235
2000,-112,"other_distance",1135,38.2819383259912,0.792271962048261,36.7274546808148,39.8364219711676
2000,-105,"own_fav",1187,72.7531592249371,0.698520679479173,71.3826852468617,74.1236332030125
2000,-105,"other_fav",1187,38.9772535804551,0.844391515045815,37.3205859503131,40.6339212105972
2000,-105,"gap_fav",1187,33.7759056444819,1.21567665130409,31.3907891184996,36.1610221704641
2000,-105,"own_trait",1225,63.5941043083902,0.583062721787554,62.4501912222753,64.7380173945052
2000,-105,"other_trait",1225,41.8253968253968,0.635212351285633,40.579171172572,43.0716224782216
2000,-105,"gap_trait",1225,21.7687074829932,0.886136964390107,20.0301918280249,23.5072231379614
2000,-105,"own_ideology",1187,42.5021061499586,0.663375643122087,41.200585546065,43.8036267538521
2000,-105,"other_ideology",1174,51.2350936967629,0.874529069008283,49.5192777781014,52.9509096154244
2000,-105,"own_distance",1168,17.722602739726,0.552208297344626,16.63917069362,18.806034785832
2000,-105,"other_distance",1158,38.2124352331607,0.802502931160231,36.637911274045,39.7869591922764
2000,-98,"own_fav",1213,75.7394888705686,0.687888349578214,74.3899047400029,77.0890730011342
2000,-98,"other_fav",1213,36.0774938169824,0.841734598285728,34.4260751577029,37.728912476262
2000,-98,"gap_fav",1213,39.6619950535859,1.22711832952548,37.2544831007097,42.069507006462
2000,-98,"own_trait",1260,66.025132275132,0.564166177515006,64.9183228502578,67.1319417000063
2000,-98,"other_trait",1260,40.7363315696649,0.631912323658547,39.4966143668362,41.9760487724936
2000,-98,"gap_trait",1260,25.2888007054674,0.903925253192226,23.5154349322447,27.0621664786901
2000,-98,"own_ideology",1210,42.4793388429751,0.645907181285134,41.2121153983145,43.7465622876356
2000,-98,"other_ideology",1199,52.0016680567136,0.878157252638569,50.2787708196166,53.7245652938107
2000,-98,"own_distance",1200,16.4375000000001,0.537155287049083,15.3836311438489,17.4913688561513
2000,-98,"other_distance",1186,37.7107925801017,0.787471089210609,36.1657995708668,39.2557855893365
2000,-91,"own_fav",1219,77.1107465135359,0.65956535328193,75.8167362992371,78.4047567278348
2000,-91,"other_fav",1219,37.0836751435603,0.829902091262049,35.4554789722219,38.7118713148987
2000,-91,"gap_fav",1219,40.0270713699755,1.17125620830296,37.7291679255884,42.3249748143627
2000,-91,"own_trait",1245,66.9745649263722,0.55608217054352,65.8836024524412,68.0655274003032
2000,-91,"other_trait",1245,40.9995537706379,0.631913488969684,39.7598198972017,42.2392876440742
2000,-91,"gap_trait",1245,25.975011155734,0.88956271705125,24.229802274891,27.7202200365771
2000,-91,"own_ideology",1196,41.9732441471563,0.642065448423064,40.7135431171735,43.2329451771392
2000,-91,"other_ideology",1193,51.8231349538982,0.867087522933868,50.1219472704785,53.5243226373179
2000,-91,"own_distance",1181,17.9720575783233,0.571661810669798,16.8504705898515,19.0936445667952
2000,-91,"other_distance",1180,38.2627118644063,0.803164411604322,36.6869208611635,39.8385028676492
2000,-84,"own_fav",1276,78.0454545454548,0.628563533838291,76.8123220566323,79.2785870342773
2000,-84,"other_fav",1276,38.170062695925,0.812086042159506,36.5768909186965,39.7632344731535
2000,-84,"gap_fav",1276,39.8753918495299,1.11835176440306,37.6813799153725,42.0694037836874
2000,-84,"own_trait",1325,68.993710691823,0.526884825360746,67.9600905175981,70.0273308660479
2000,-84,"other_trait",1325,42.4675052410897,0.617667780415245,41.2557909383124,43.6792195438669
2000,-84,"gap_trait",1325,26.5262054507336,0.845627588392508,24.8672893211124,28.1851215803549
2000,-84,"own_ideology",1283,42.2057677318782,0.621735324678438,40.9860373317213,43.425498132035
2000,-84,"other_ideology",1270,50.9251968503944,0.832998348076737,49.2909914190958,52.5594022816929
2000,-84,"own_distance",1265,16.5810276679843,0.539467683845162,15.5226770118601,17.6393783241085
2000,-84,"other_distance",1253,37.5897845171583,0.746099684336018,36.1260409638247,39.053528070492
2000,-77,"own_fav",1239,77.9604519774011,0.623538155089144,76.7371436696139,79.1837602851882
2000,-77,"other_fav",1239,36.8886198547216,0.824665740915174,35.2707229485335,38.5065167609097
2000,-77,"gap_fav",1239,41.0718321226796,1.11939126724376,38.875718499628,43.2679457457311
2000,-77,"own_trait",1265,69.3961352657006,0.532081213133658,68.3522757021072,70.4399948292941
2000,-77,"other_trait",1265,41.6578831796223,0.637531657151612,40.4071464481148,42.9086199111297
2000,-77,"gap_trait",1265,27.7382520860781,0.863410411209477,26.0443768038836,29.4321273682726
2000,-77,"own_ideology",1226,42.7610114192495,0.659835090006448,41.466479362825,44.0555434756741
2000,-77,"other_ideology",1213,51.2778235779056,0.883194452588987,49.5450638674837,53.0105832883274
2000,-77,"own_distance",1214,17.0716639209228,0.572005636895124,15.9494337007811,18.1938941410644
2000,-77,"other_distance",1202,39.6214642262901,0.789539851941075,38.0724334700349,41.1704949825453
2000,-70,"own_fav",1105,77.2877828054304,0.710263656324703,75.8941637613576,78.6814018495031
2000,-70,"other_fav",1105,37.2769230769231,0.88421392721556,35.5419935799272,39.0118525739191
2000,-70,"gap_fav",1105,40.0108597285068,1.25007504190883,37.5580686143748,42.4636508426388
2000,-70,"own_trait",1147,68.4660466918529,0.584699944879171,67.3188442455082,69.6132491381976
2000,-70,"other_trait",1147,41.7877554974327,0.680681643468752,40.4522334858296,43.1232775090359
2000,-70,"gap_trait",1147,26.67829119442,0.916799177005173,24.8794980392667,28.4770843495733
2000,-70,"own_ideology",1109,42.7186654643823,0.683666698982209,41.3772380267807,44.0600929019838
2000,-70,"other_ideology",1097,49.6809480401087,0.896998737013493,47.9209191751952,51.4409769050221
2000,-70,"own_distance",1085,17.0046082949308,0.604661449375891,15.8181689111275,18.191047678734
2000,-70,"other_distance",1075,37.5116279069763,0.789952826753105,35.961602019912,39.0616537940406
2000,-63,"own_fav",1167,75.3264781490995,0.680802926778516,73.9907423981892,76.6622139000099
2000,-63,"other_fav",1167,38.2502142245068,0.858876805931358,36.565097415831,39.9353310331827
2000,-63,"gap_fav",1167,37.0762639245927,1.26731786376512,34.5897855153289,39.5627423338566
2000,-63,"own_trait",1196,67.3123374210326,0.56398775435083,66.205821010909,68.4188538311561
2000,-63,"other_trait",1196,42.9533630620582,0.674069045603785,41.6308725385265,44.2758535855899
2000,-63,"gap_trait",1196,24.3589743589742,0.947926364596104,22.4991891598759,26.2187595580724
2000,-63,"own_ideology",1160,42.0689655172414,0.646562881103348,40.8004007952623,43.3375302392205
2000,-63,"other_ideology",1142,52.2329246935199,0.860263644846403,50.5450484780522,53.9208009089876
2000,-63,"own_distance",1145,17.2707423580786,0.575674737227505,16.141245608001,18.4002391081562
2000,-63,"other_distance",1129,37.3339238263951,0.812817994376963,35.7391186078286,38.9287290449616
2000,-56,"own_fav",1155,77.1402597402594,0.683804756930042,75.7986199002491,78.4818995802697
2000,-56,"other_fav",1155,36.8164502164501,0.877824350654586,35.0941397039337,38.5387607289666
2000,-56,"gap_fav",1155,40.3238095238094,1.28283281774824,37.8068635696885,42.8407554779303
2000,-56,"own_trait",1192,68.2466442953019,0.578481312556781,67.1116883677627,69.3816002228411
2000,-56,"other_trait",1192,41.6736577181208,0.662257344607422,40.3743367504365,42.9729786858051
2000,-56,"gap_trait",1192,26.5729865771813,0.942528110096634,24.7237861929917,28.4221869613709
2000,-56,"own_ideology",1149,42.6022628372497,0.666452786040673,41.2946607671756,43.9098649073238
2000,-56,"other_ideology",1132,51.1042402826851,0.903932860139368,49.3306664380636,52.8778141273067
2000,-56,"own_distance",1133,17.7184466019416,0.583167488367277,16.5742359296659,18.8626572742173
2000,-56,"other_distance",1119,37.9133154602325,0.80819402648455,36.3275675517821,39.4990633686829
2000,-49,"own_fav",1126,76.6793960923627,0.672250894120065,75.360389485165,77.9984026995604
2000,-49,"other_fav",1126,37.9884547069272,0.868125042451781,36.2851283493379,39.6917810645165
2000,-49,"gap_fav",1126,38.6909413854351,1.24136852472254,36.2552833589486,41.1265994119217
2000,-49,"own_trait",1155,67.6238576238572,0.578106153972565,66.4896007470744,68.75811450064
2000,-49,"other_trait",1155,42.1596921596918,0.67057714537686,40.8440051819102,43.4753791374734
2000,-49,"gap_trait",1155,25.4641654641653,0.931051286226496,23.637422543712,27.2909083846187
2000,-49,"own_ideology",1107,44.2186088527551,0.677360422153061,42.8895523789435,45.5476653265668
2000,-49,"other_ideology",1100,50.4090909090915,0.906573775540578,48.6302799341286,52.1879018840543
2000,-49,"own_distance",1096,17.2445255474454,0.572122647278289,16.1219449366121,18.3671061582787
2000,-49,"other_distance",1089,39.1414141414139,0.786127637858879,37.5989163381356,40.6839119446922
2000,-42,"own_fav",1243,78.1512469831057,0.665846871966948,76.8449380806227,79.4575558855886
2000,-42,"other_fav",1243,36.4505229283992,0.866578418907105,34.7504036502625,38.1506422065358
2000,-42,"gap_fav",1243,41.7007240547064,1.25436954347865,39.2398067317652,44.1616413776475
2000,-42,"own_trait",1269,68.1551527887229,0.557313337171592,67.0617950763626,69.2485105010832
2000,-42,"other_trait",1269,41.8592942824626,0.665551544437528,40.5535908916607,43.1649976732646
2000,-42,"gap_trait",1269,26.2958585062605,0.907924704978548,24.514658573977,28.0770584385441
2000,-42,"own_ideology",1149,42.1453437771975,0.664383503221455,40.8418017074034,43.4488858469915
2000,-42,"other_ideology",1133,52.1403353927628,0.89633853210202,50.3816637677816,53.899007017744
2000,-42,"own_distance",1134,16.7768959435626,0.547543449055216,15.7025828541165,17.8512090330088
2000,-42,"other_distance",1121,39.0499553969671,0.805051870873472,37.4703757316587,40.6295350622755
2000,-35,"own_fav",1144,77.7963286713281,0.682306690868283,76.4576145431153,79.1350427995409
2000,-35,"other_fav",1144,38.2736013986012,0.892364081227771,36.5227459269525,40.0244568702499
2000,-35,"gap_fav",1144,39.5227272727271,1.31096079261861,36.9505676294174,42.0948869160368
2000,-35,"own_trait",1179,68.0967863537831,0.588093414147767,66.9429589355067,69.2506137720596
2000,-35,"other_trait",1179,40.5027801338231,0.669911181223115,39.1884279065918,41.8171323610545
2000,-35,"gap_trait",1179,27.5940062199603,0.954515626716331,25.7212658103866,29.466746629534
2000,-35,"own_ideology",589,42.4872665534807,0.936325508291671,40.6483170421543,44.3262160648071
2000,-35,"other_ideology",585,52.9487179487183,1.31613030733551,50.3637927746827,55.5336431227539
2000,-35,"own_distance",584,16.0958904109589,0.808302955736079,14.5083499603407,17.6834308615772
2000,-35,"other_distance",581,41.5232358003443,1.10320719076388,39.3564679153537,43.6900036853349
2000,-28,"own_fav",1223,78.4685200327066,0.629448058494103,77.2336013684289,79.7034386969843
2000,-28,"other_fav",1223,35.2894521668029,0.823748972926384,33.6733331437653,36.9055711898404
2000,-28,"gap_fav",1223,43.1790678659035,1.15402383977005,40.9149802108189,45.443155520988
2000,-28,"own_trait",1249,68.2190196601729,0.536692370622973,67.1661007934998,69.271938526846
2000,-28,"other_trait",1249,39.671737389912,0.633726487880564,38.4284505240574,40.9150242557666
2000,-28,"gap_trait",1249,28.5472822702609,0.872402220252627,26.835745443372,30.2588190971497
2000,-28,"own_ideology",619,42.0436187399033,0.865320785327672,40.3442931179329,43.7429443618737
2000,-28,"other_ideology",614,52.3208469055372,1.22636514907626,49.9124602007196,54.7292336103547
2000,-28,"own_distance",614,16.9788273615634,0.753368173566626,15.4993317199781,18.4583230031488
2000,-28,"other_distance",609,39.942528735632,1.10428073928424,37.7738611732128,42.1111962980512
2000,-21,"own_fav",1179,79.2977099236645,0.6577456791594,78.0072261661363,80.5881936811927
2000,-21,"other_fav",1179,34.75572519084,0.839887113795789,33.1078836118639,36.403566769816
2000,-21,"gap_fav",1179,44.5419847328246,1.22593056080646,42.1367336962841,46.9472357693651
2000,-21,"own_trait",1212,68.9791895856253,0.550907461858248,67.8983505481481,70.0600286231026
2000,-21,"other_trait",1212,39.1043270993767,0.636876667073993,37.8548229421629,40.3538312565904
2000,-21,"gap_trait",1212,29.8748624862487,0.893515005000628,28.1218531973223,31.627871775175
2000,-21,"own_ideology",612,42.4428104575167,0.920620331447185,40.6348463892939,44.2507745257394
2000,-21,"other_ideology",602,52.906976744186,1.30102800421222,50.351863104756,55.462090383616
2000,-21,"own_distance",604,15.9354304635762,0.761132876837319,14.4406371362612,17.4302237908913
2000,-21,"other_distance",593,42.0320404721757,1.16226366129798,39.7493787404669,44.3147022038846
2000,-14,"own_fav",1263,78.4101346001588,0.660381122602224,77.1145688472119,79.7057003531057
2000,-14,"other_fav",1263,35.0934283452102,0.839137233060141,33.4471707161437,36.7396859742766
2000,-14,"gap_fav",1263,43.3167062549489,1.23271185526754,40.8983160128972,45.7350964970005
2000,-14,"own_trait",1289,67.9467287302817,0.545394561555656,66.8767695820858,69.0166878784776
2000,-14,"other_trait",1289,37.3071286958021,0.645704218537339,36.0403813089524,38.5738760826519
2000,-14,"gap_trait",1289,30.6396000344798,0.919533257035915,28.8356527827331,32.4435472862265
2000,-14,"own_ideology",652,44.0184049079753,0.924681616327909,42.2026864973996,45.8341233185511
2000,-14,"other_ideology",640,53.28125,1.2479045180344,50.8307606364438,55.7317393635562
2000,-14,"own_distance",640,16.2890625,0.763364756688734,14.790055813394,17.788069186606
2000,-14,"other_distance",628,39.8885350318472,1.08324633428428,37.7613049503648,42.0157651133297
2000,-7,"own_fav",1267,79.7221783741121,0.654214607300954,78.4387142645035,81.0056424837206
2000,-7,"other_fav",1267,33.0749802683504,0.842279840662128,31.4225623405443,34.7273981961564
2000,-7,"gap_fav",1267,46.6471981057615,1.21673972804059,44.2601499502369,49.0342462612861
2000,-7,"own_trait",1294,69.1997252275456,0.563322036913128,68.0945998430629,70.3048506120282
2000,-7,"other_trait",1294,36.630602782071,0.639803266743763,35.3754364920604,37.8857690720816
2000,-7,"gap_trait",1294,32.5691224454748,0.928863316377404,30.746878041069,34.3913668498806
2000,-7,"own_ideology",622,42.2829581993568,0.907285608294478,40.5012385274392,44.0646778712745
2000,-7,"other_ideology",616,54.423701298701,1.30337720520915,51.8640915933112,56.9833110040908
2000,-7,"own_distance",617,17.2204213938411,0.78029040691315,15.6880695179354,18.7527732697468
2000,-7,"other_distance",613,42.8629690048941,1.14361586052605,40.6170815226374,45.1088564871507
2004,-308,"own_fav",329,68.4802431610942,1.43120117649093,65.664751537178,71.2957347850104
2004,-308,"other_fav",329,36.3525835866262,1.46822139698874,33.4642649398992,39.2409022333531
2004,-308,"gap_fav",329,32.1276595744681,2.10972685978077,27.9773567379183,36.277962411018
2004,-308,"own_trait",85,65.8019607843137,2.62705241761546,60.5777789509917,71.0261426176357
2004,-308,"other_trait",85,40.4705882352941,2.54460698650472,35.4103581832769,45.5308182873113
2004,-308,"gap_trait",85,25.3313725490196,4.01831174020888,17.3405189775182,33.322226120521
2004,-308,"own_ideology",0,,,,
2004,-308,"other_ideology",0,,,,
2004,-308,"own_distance",0,,,,
2004,-308,"other_distance",0,,,,
2004,-301,"own_fav",520,69.9807692307693,1.08361656925899,67.851955358499,72.1095831030396
2004,-301,"other_fav",520,34.8653846153847,1.12339105987496,32.6584319532621,37.0723372775072
2004,-301,"gap_fav",520,35.1153846153846,1.61899330133843,31.9347988835157,38.2959703472536
2004,-301,"own_trait",148,71.8581081081081,1.6203540960363,68.6559103713162,75.0603058449
2004,-301,"other_trait",148,36.3378378378378,1.79113216852458,32.7981427857657,39.87753288991
2004,-301,"gap_trait",148,35.5202702702703,2.60163123453391,30.3788399671219,40.6617005734186
2004,-301,"own_ideology",0,,,,
2004,-301,"other_ideology",0,,,,
2004,-301,"own_distance",0,,,,
2004,-301,"other_distance",0,,,,
2004,-294,"own_fav",587,71.7206132879046,1.0129691713682,69.7311211089301,73.710105466879
2004,-294,"other_fav",587,37.3935264054515,1.09216763123494,35.2484868308155,39.5385659800874
2004,-294,"gap_fav",587,34.3270868824532,1.50256547856093,31.3760175385004,37.278156226406
2004,-294,"own_trait",179,69.6638733705772,1.49924800152978,66.7052860171633,72.6224607239911
2004,-294,"other_trait",179,38.1275605214153,1.65447651763911,34.8626481809534,41.3924728618771
2004,-294,"gap_trait",179,31.536312849162,2.04888728785768,27.493077832513,35.579547865811
2004,-294,"own_ideology",66,36.3636363636364,2.81426903348586,30.743152992448,41.9841197348247
2004,-294,"other_ideology",53,35.377358490566,4.33504522897095,26.6784538320536,44.0762631490785
2004,-294,"own_distance",66,15.9090909090909,2.88858595137383,10.1401864039537,21.6779954142282
2004,-294,"other_distance",53,42.4528301886793,3.90290038012333,34.6210876104307,50.2845727669278
2004,-287,"own_fav",534,73.7453183520599,0.999099037071043,71.782663498914,75.7079732052058
2004,-287,"other_fav",534,38.1460674157303,1.1712688784429,35.8451978689496,40.4469369625111
2004,-287,"gap_fav",534,35.5992509363296,1.56842540765473,32.5181972830749,38.6803045895842
2004,-287,"own_trait",185,71.0369369369369,1.59686527689567,67.8864166914157,74.1874571824582
2004,-287,"other_trait",185,41.7405405405406,1.60554128158471,38.5729030536223,44.9081780274588
2004,-287,"gap_trait",185,29.2963963963964,2.26515941624945,24.8273715491028,33.7654212436899
2004,-287,"own_ideology",391,36.4450127877239,1.17883650427152,34.1273432054035,38.7626823700444
2004,-287,"other_ideology",389,39.1388174807198,1.59138557314168,36.0099992734524,42.2676356879872
2004,-287,"own_distance",390,16.8589743589743,0.98528238735602,14.9218293144549,18.7961194034937
2004,-287,"other_distance",388,42.0747422680414,1.46269403170243,39.1989208475549,44.9505636885279
2004,-280,"own_fav",694,72.7953890489908,0.866109966154879,71.0948747520795,74.4959033459021
2004,-280,"other_fav",694,36.5850144092219,1.08272628612472,34.4591971329575,38.7108316854863
2004,-280,"gap_fav",694,36.2103746397694,1.47287258596938,33.3185468259305,39.1022024536082
2004,-280,"own_trait",234,69.2663817663818,1.32176953260665,66.6622346068452,71.8705289259185
2004,-280,"other_trait",234,41.1766381766382,1.59030032468691,38.0434322952948,44.3098440579816
2004,-280,"gap_trait",234,28.0897435897435,2.14346473224381,23.8666945207945,32.3127926586926
2004,-280,"own_ideology",484,37.396694214876,1.04312548918937,35.3470698335608,39.4463185961911
2004,-280,"other_ideology",493,39.3002028397567,1.42917925692387,36.4921552149972,42.1082504645162
2004,-280,"own_distance",482,17.6348547717842,0.872160217565637,15.9211400400607,19.3485695035077
2004,-280,"other_distance",490,43.4183673469389,1.24792592787534,40.9664086894199,45.8703260044579
2004,-273,"own_fav",799,75.544430538172,0.802420355455411,73.969326568486,77.119534507858
2004,-273,"other_fav",799,35.1564455569461,0.995562190263359,33.2022155236575,37.1106755902348
2004,-273,"gap_fav",799,40.3879849812264,1.36153928930441,37.7153634245989,43.0606065378539
2004,-273,"own_trait",312,72.770299145299,1.09664200941793,70.6125231518963,74.9280751387017
2004,-273,"other_trait",312,41.6698717948718,1.342584888372,39.0281733952528,44.3115701944908
2004,-273,"gap_trait",312,31.1004273504274,1.75754357084323,27.6422474777288,34.5586072231259
2004,-273,"own_ideology",566,38.4717314487633,0.938479494803355,36.6283967242583,40.3150661732682
2004,-273,"other_ideology",571,39.3607705779334,1.31725373676232,36.7735069826941,41.9480341731728
2004,-273,"own_distance",563,16.429840142096,0.763149547800359,14.9308663345522,17.9288139496398
2004,-273,"other_distance",570,41.4035087719299,1.18167123556356,39.082538774316,43.7244787695439
2004,-266,"own_fav",736,75.8152173913041,0.805178252667844,74.2344940258121,77.3959407567961
2004,-266,"other_fav",736,34.9184782608695,1.0154411855667,32.9249673792854,36.9119891424535
2004,-266,"gap_fav",736,40.8967391304348,1.43335647385972,38.0827782940584,43.7106999668112
2004,-266,"own_trait",623,71.6765650080257,0.809294543529973,70.0872843354909,73.2658456805606
2004,-266,"other_trait",623,40.4446227929374,0.964041354440628,38.5514526185112,42.3377929673636
2004,-266,"gap_trait",623,31.2319422150883,1.36217135449817,28.5569302263236,33.906954203853
2004,-266,"own_ideology",709,40.7616361071935,0.885091945343241,39.0239171340758,42.4993550803111
2004,-266,"other_ideology",694,49.7118155619593,1.21817356896949,47.3200620305357,52.103569093383
2004,-266,"own_distance",708,17.725988700565,0.742942729797723,16.2673506333908,19.1846267677391
2004,-266,"other_distance",694,41.6786743515846,1.06945463874806,39.5789145356769,43.7784341674924
2004,-259,"own_fav",786,73.435114503817,0.824187039161487,71.8172431166253,75.0529858910086
2004,-259,"other_fav",786,34.1603053435116,0.945591888495864,32.3041173817179,36.0164933053053
2004,-259,"gap_fav",786,39.2748091603054,1.35239049510464,36.6200793691578,41.9295389514529
2004,-259,"own_trait",725,71.4855172413792,0.735634473824784,70.0412858078584,72.9297486749
2004,-259,"other_trait",725,37.1183908045977,0.879999910168483,35.3907345065548,38.8460471026405
2004,-259,"gap_trait",725,34.3671264367816,1.232375447236,31.9476702773338,36.7865825962294
2004,-259,"own_ideology",766,42.4934725848562,0.865872643447704,40.7937041293916,44.1932410403208
2004,-259,"other_ideology",758,49.9340369393142,1.18811665181487,47.6016419375221,52.2664319411063
2004,-259,"own_distance",765,17.516339869281,0.747454640889264,16.0490311776287,18.9836485609333
2004,-259,"other_distance",756,42.6256613756611,1.01519954885088,40.6327119506473,44.6186108006749
2004,-252,"own_fav",757,75.4293262879788,0.801438737056854,73.856016410352,77.0026361656056
2004,-252,"other_fav",757,32.0871862615588,1.00680053084165,30.110729239042,34.0636432840757
2004,-252,"gap_fav",757,43.3421400264202,1.44843282930457,40.498711611926,46.1855684409144
2004,-252,"own_trait",703,71.918918918919,0.757316808302555,70.432041703155,73.4057961346829
2004,-252,"other_trait",703,36.470839260313,0.884866140733832,34.733538187322,38.2081403333039
2004,-252,"gap_trait",703,35.448079658606,1.2503235447972,32.9932581483597,37.9029011688522
2004,-252,"own_ideology",732,41.325136612022,0.853631690015834,39.6492744884215,43.0009987356225
2004,-252,"other_ideology",731,50.3077975376196,1.26989959805436,47.8147065513639,52.8008885238754
2004,-252,"own_distance",728,17.6167582417582,0.735029244616942,16.1737249931309,19.0597914903856
2004,-252,"other_distance",728,44.5741758241758,1.06900431150418,42.4754718940615,46.6728797542902
2004,-245,"own_fav",825,77.6606060606063,0.757996470412009,76.172774874686,79.1484372465265
2004,-245,"other_fav",825,32.3757575757576,1.00553302698647,30.4020499736496,34.3494651778657
2004,-245,"gap_fav",825,45.2848484848487,1.44739982578151,42.4438239110499,48.1258730586474
2004,-245,"own_trait",779,73.8609328198544,0.720603668753746,72.446374959003,75.2754906807059
2004,-245,"other_trait",779,36.6842105263158,0.885256541117094,34.9464361388039,38.4219849138277
2004,-245,"gap_trait",779,37.1767222935388,1.26616279373709,34.6912221349065,39.662222452171
2004,-245,"own_ideology",797,42.4090338770393,0.842514080802147,40.7552219705072,44.0628457835714
2004,-245,"other_ideology",783,49.6487867177527,1.22695605965918,47.2402692729356,52.0573041625697
2004,-245,"own_distance",792,16.6035353535352,0.680859615875197,15.267030001406,17.9400407056644
2004,-245,"other_distance",778,45.5334190231362,1.02701097096624,43.5173741175694,47.549463928703
2004,-238,"own_fav",540,77.5370370370372,0.970293771823417,75.6310162463623,79.4430578277121
2004,-238,"other_fav",540,30.4074074074074,1.24577258134705,27.9602429408789,32.854571873936
2004,-238,"gap_fav",540,47.1296296296296,1.80249539375064,43.5888528099164,50.6704064493429
2004,-238,"own_trait",511,73.108936725375,0.949507819042677,71.2435086278058,74.9743648229443
2004,-238,"other_trait",511,35.1043705153294,1.04743545334939,33.0465512052808,37.162189825378
2004,-238,"gap_trait",511,38.0045662100457,1.58337079952327,34.8938341875549,41.1152982325364
2004,-238,"own_ideology",528,42.4715909090906,1.03086805199739,40.4464757450128,44.4967060731684
2004,-238,"other_ideology",527,50.5692599620491,1.46794133942821,47.6855123576176,53.4530075664805
2004,-238,"own_distance",526,16.0646387832699,0.814062094178915,14.4654196161778,17.6638579503619
2004,-238,"other_distance",524,44.2748091603055,1.25672250885031,41.805964957128,46.743653363483
2004,-231,"own_fav",423,76.4302600472814,1.07922242042417,74.3089389860028,78.5515811085599
2004,-231,"other_fav",423,30.7328605200945,1.36597636024648,28.0478955236663,33.4178255165228
2004,-231,"gap_fav",423,45.6973995271867,2.06497221917936,41.6384873172471,49.7563117371264
2004,-231,"own_trait",397,74.4097397145258,0.994858761750487,72.4538746396284,76.3656047894232
2004,-231,"other_trait",397,35.4395465994962,1.20010318898225,33.0801766026201,37.7989165963723
2004,-231,"gap_trait",397,38.9701931150294,1.85325929223229,35.326736110109,42.6136501199497
2004,-231,"own_ideology",410,41.6463414634148,1.16351629478928,39.3591231577507,43.9335597690788
2004,-231,"other_ideology",406,51.7857142857143,1.75132612744278,48.3428896244662,55.2285389469624
2004,-231,"own_distance",406,15.2093596059113,0.952586381344939,13.3367284412909,17.0819907705318
2004,-231,"other_distance",403,46.8362282878411,1.44674737912565,43.9920926993839,49.6803638762984
2004,-224,"own_fav",395,76.506329113924,1.16872746382923,74.2086071785314,78.8040510493166
2004,-224,"other_fav",395,29.1392405063292,1.36766559060294,26.4504055768291,31.8280754358293
2004,-224,"gap_fav",395,47.367088607595,2.01335541489276,43.4088254164627,51.3253517987272
2004,-224,"own_trait",374,73.7860962566844,1.04816397617191,71.7250449995252,75.8471475138437
2004,-224,"other_trait",374,36.5378787878788,1.2304134670245,34.1184622836995,38.9572952920581
2004,-224,"gap_trait",374,37.2482174688057,1.8102594645602,33.6886240940718,40.8078108435395
2004,-224,"own_ideology",381,41.9947506561678,1.19885054972134,39.6375390597139,44.3519622526217
2004,-224,"other_ideology",368,51.1548913043477,1.82816849858061,47.5598912866328,54.7498913220626
2004,-224,"own_distance",376,16.2898936170213,0.906436407958077,14.5075584979321,18.0722287361105
2004,-224,"other_distance",364,46.7719780219781,1.50512518641406,43.8121182762554,49.7318377677007
2004,-217,"own_fav",404,74.8019801980195,1.16265586308689,72.5163523211598,77.0876080748792
2004,-217,"other_fav",404,29.6534653465346,1.3482395295105,27.0030044912032,32.3039262018661
2004,-217,"gap_fav",404,45.1485148514851,2.12137403663001,40.9781736617072,49.3188560412629
2004,-217,"own_trait",390,72.7337606837607,1.02024291443227,70.7278804089676,74.7396409585538
2004,-217,"other_trait",390,37.9683760683762,1.11864516321387,35.7690289955939,40.1677231411584
2004,-217,"gap_trait",390,34.7653846153847,1.74930025239718,31.3261185138144,38.2046507169549
2004,-217,"own_ideology",384,42.9036458333333,1.25064559833723,40.4446549836748,45.3626366829918
2004,-217,"other_ideology",387,52.3255813953487,1.76746062187347,48.8505262470765,55.8006365436208
2004,-217,"own_distance",381,17.6509186351706,1.03693555132669,15.6120685825675,19.6897686877737
2004,-217,"other_distance",385,45.5194805194805,1.42841000416193,42.7109965334137,48.3279645055472
2004,-210,"own_fav",330,77.9090909090909,1.23150318668087,75.4864769986962,80.3317048194857
2004,-210,"other_fav",330,28.1818181818183,1.49516149076845,25.2405354754497,31.1231008881868
2004,-210,"gap_fav",330,49.7272727272728,2.26680263046289,45.2680170435911,54.1865284109545
2004,-210,"own_trait",312,76.4978632478632,1.04694849777013,74.4378652581669,78.5578612375595
2004,-210,"other_trait",312,34.7836538461539,1.27452369175027,32.2758740953659,37.2914335969418
2004,-210,"gap_trait",312,41.7142094017094,1.97848408191208,37.8213023102282,45.6071164931906
2004,-210,"own_ideology",325,39.1538461538462,1.34288709579908,36.5119672193305,41.7957250883618
2004,-210,"other_ideology",312,52.804487179487,2.04784743911084,48.7750992805044,56.8338750784696
2004,-210,"own_distance",323,15.1702786377709,0.946452181146759,13.3082678135944,17.0322894619474
2004,-210,"other_distance",310,47.8225806451613,1.63288205628732,44.6096061637845,51.0355551265382
2004,-203,"own_fav",393,75.267175572519,1.23822004629036,72.8327927291093,77.7015584159288
2004,-203,"other_fav",393,27.5318066157761,1.37463108208636,24.8292350233726,30.2343782081796
2004,-203,"gap_fav",393,47.7353689567431,2.21771067301317,43.3752741333678,52.0954637801183
2004,-203,"own_trait",362,74.5672191528545,1.01427787982316,72.5725838016638,76.5618545040453
2004,-203,"other_trait",362,36.0441988950276,1.16368603478506,33.7557438780712,38.3326539119841
2004,-203,"gap_trait",362,38.5230202578269,1.85949178594349,34.8662235108266,42.1798170048272
2004,-203,"own_ideology",369,42.2086720867209,1.26769591611512,39.7158352001443,44.7015089732975
2004,-203,"other_ideology",367,52.4523160762941,1.88107926243937,48.7532363043528,56.1513958482353
2004,-203,"own_distance",368,17.0516304347826,0.985343138427059,15.1140034584668,18.9892574110983
2004,-203,"other_distance",365,48.9041095890412,1.54176060730955,45.8722333942933,51.9359857837891
2004,-196,"own_fav",582,75.8247422680414,0.965103945213574,73.9292246123046,77.7202599237783
2004,-196,"other_fav",582,30.8762886597937,1.17827467607606,28.5620918700215,33.190485449566
2004,-196,"gap_fav",582,44.9484536082475,1.76998611700747,41.472102742793,48.424804473702
2004,-196,"own_trait",356,73.3174157303371,1.09719442217147,71.1595975914724,75.4752338692018
2004,-196,"other_trait",356,39.1352996254681,1.26268827059558,36.6520098830445,41.6185893678918
2004,-196,"gap_trait",356,34.1821161048689,1.95780323736829,30.331765380737,38.0324668290008
2004,-196,"own_ideology",554,40.568592057762,0.985589388725294,38.6326352383505,42.5045488771734
2004,-196,"other_ideology",538,53.1133828996282,1.55007080905049,50.0684370923789,56.1583287068775
2004,-196,"own_distance",552,17.4365942028985,0.808971704834575,15.8475483230837,19.0256400827132
2004,-196,"other_distance",536,48.7406716417911,1.23132578122799,46.3218454090547,51.1594978745276
2004,-189,"own_fav",929,73.2077502691063,0.792489808835488,71.6524703228788,74.7630302153338
2004,-189,"other_fav",929,29.4079655543595,0.910674959536,27.6207444616629,31.1951866470561
2004,-189,"gap_fav",929,43.7997847147469,1.43702106987847,40.9795969629669,46.619972466527
2004,-189,"own_trait",579,69.8511801957397,0.868480267168497,68.1454183196992,71.5569420717802
2004,-189,"other_trait",579,37.381404720783,0.938597115218941,35.5379279756844,39.2248814658815
2004,-189,"gap_trait",579,32.4697754749568,1.50660038788995,29.5106967241302,35.4288542257834
2004,-189,"own_ideology",891,43.4062850729513,0.826647736058943,41.7838789263095,45.0286912195932
2004,-189,"other_ideology",883,51.4722536806339,1.18741777778727,49.1417595507676,53.8027478105003
2004,-189,"own_distance",885,16.5254237288135,0.645958128664823,15.257633255159,17.7932142024679
2004,-189,"other_distance",878,47.1526195899771,0.979746713593045,45.2296975187614,49.0755416611928
2004,-182,"own_fav",1103,74.9682683590205,0.725835581900579,73.5440925679244,76.3924441501167
2004,-182,"other_fav",1103,27.3164097914777,0.814842056138447,25.7175927055466,28.9152268774088
2004,-182,"gap_fav",1103,47.651858567543,1.27217754578573,45.1556948248673,50.1480223102188
2004,-182,"own_trait",716,72.4871973929238,0.739989382269936,71.0343855814872,73.9400092043604
2004,-182,"other_trait",716,35.770018621974,0.850063362600402,34.1010999546993,37.4389372892487
2004,-182,"gap_trait",716,36.7171787709498,1.31357888632133,34.1382459280928,39.2961116138067
2004,-182,"own_ideology",1061,44.2271442035819,0.758191830840091,42.7394167885019,45.7148716186619
2004,-182,"other_ideology",1040,50.5769230769229,1.1066792136086,48.4053419816491,52.7485041721967
2004,-182,"own_distance",1048,17.0801526717558,0.598481497684998,15.9057929214248,18.2545124220868
2004,-182,"other_distance",1030,47.3300970873785,0.890998470641174,45.5817156769185,49.0784784978386
2004,-175,"own_fav",1186,74.6795952782463,0.674044450036576,73.3571416955199,76.0020488609728
2004,-175,"other_fav",1186,28.8026981450252,0.777829708811394,27.2766212147681,30.3287750752824
2004,-175,"gap_fav",1186,45.876897133221,1.21647390365971,43.4902143675656,48.2635798988765
2004,-175,"own_trait",731,72.6755585955314,0.716076788929405,71.269743056506,74.0813741345567
2004,-175,"other_trait",731,36.077747378021,0.813110823450875,34.4814327812779,37.6740619747641
2004,-175,"gap_trait",731,36.5978112175103,1.29108470918613,34.0631292191097,39.1324932159109
2004,-175,"own_ideology",1135,43.2158590308368,0.699077053194489,41.8442292143538,44.5874888473199
2004,-175,"other_ideology",1112,52.2706834532376,1.0452977417563,50.2197031540803,54.3216637523948
2004,-175,"own_distance",1130,16.504424778761,0.568412785793273,15.3891605733627,17.6196889841592
2004,-175,"other_distance",1107,46.341463414634,0.865754887578282,44.6427560493402,48.0401707799279
2004,-168,"own_fav",1209,74.5244003308521,0.707259532790767,73.1368068331004,75.9119938286039
2004,-168,"other_fav",1209,28.8420181968566,0.814956652609938,27.2431305188794,30.4409058748338
2004,-168,"gap_fav",1209,45.6823821339949,1.27523687152742,43.1804570145943,48.1843072533955
2004,-168,"own_trait",752,72.2830230496454,0.739582848343814,70.8311273911147,73.7349187081761
2004,-168,"other_trait",752,36.3470744680851,0.852826878449202,34.6728663045623,38.021282631608
2004,-168,"gap_trait",752,35.9359485815603,1.31913013236017,33.3463275316676,38.525569631453
2004,-168,"own_ideology",1159,42.6445211389125,0.70939939464891,41.2526691094515,44.0363731683735
2004,-168,"other_ideology",1133,52.5595763459842,1.05271029373604,50.494093655446,54.6250590365224
2004,-168,"own_distance",1150,17.5869565217391,0.584339722508395,16.4404640095247,18.7334490339535
2004,-168,"other_distance",1124,46.018683274022,0.85271328548702,44.3455927288585,47.6917738191854
2004,-161,"own_fav",1071,74.2483660130721,0.741317645113362,72.7937647409458,75.7029672851983
2004,-161,"other_fav",1071,29.9813258636787,0.857581774990625,28.2985930310306,31.6640586963268
2004,-161,"gap_fav",1071,44.267040149393,1.31412365179406,41.6884883663195,46.8455919324664
2004,-161,"own_trait",699,72.2906533142586,0.780354087248082,70.7585307158555,73.8227759126617
2004,-161,"other_trait",699,37.0362422508345,0.874993040210992,35.3183085175977,38.7541759840713
2004,-161,"gap_trait",699,35.2544110634239,1.37862714221912,32.5476580215906,37.9611641052572
2004,-161,"own_ideology",1039,44.8267564966309,0.773536326503451,43.3088832684884,46.3446297247734
2004,-161,"other_ideology",989,50.2527805864515,1.1133429087753,48.067992130537,52.437569042366
2004,-161,"own_distance",1030,17.7912621359225,0.628266133627263,16.5584330514179,19.024091220427
2004,-161,"other_distance",980,46.7857142857144,0.92089000331142,44.9785688695221,48.5928597019067
2004,-154,"own_fav",1005,73.8407960199012,0.749603984804109,72.3698259269417,75.3117661128606
2004,-154,"other_fav",1005,29.5721393034828,0.875897204452292,27.8533402864355,31.2909383205302
2004,-154,"gap_fav",1005,44.2686567164184,1.34729886451708,41.6248122650035,46.9125011678333
2004,-154,"own_trait",671,70.9085941381023,0.781879093000614,69.3733659508642,72.4438223253404
2004,-154,"other_trait",671,37.7747143566816,0.895555909536788,36.0162804915527,39.5331482218104
2004,-154,"gap_trait",671,33.1338797814207,1.41194390862543,30.3615124080944,35.906247154747
2004,-154,"own_ideology",962,43.3212058212053,0.787081263570155,41.7766095388307,44.86580210358
2004,-154,"other_ideology",930,49.7849462365592,1.16802892590589,47.4926651356883,52.0772273374301
2004,-154,"own_distance",953,17.02518363064,0.623891961439594,15.8008212462765,18.2495460150034
2004,-154,"other_distance",920,46.1413043478258,0.945792463324381,44.2851405866688,47.9974681089828
2004,-147,"own_fav",498,73.3333333333334,1.08629587731324,71.1990350143806,75.4676316522862
2004,-147,"other_fav",498,31.0240963855422,1.22163784157036,28.623885129948,33.4243076411363
2004,-147,"gap_fav",498,42.3092369477911,1.92130240873938,38.5343607038394,46.0841131917429
2004,-147,"own_trait",320,73.015625,1.0937045242947,70.863839672019,75.167410327981
2004,-147,"other_trait",320,38.3505208333333,1.26331699376516,35.8650351181436,40.836006548523
2004,-147,"gap_trait",320,34.6651041666667,2.00708638316517,30.7163054414623,38.613902891871
2004,-147,"own_ideology",486,42.1810699588477,1.0855948840886,40.0480200841641,44.3141198335313
2004,-147,"other_ideology",469,52.5586353944563,1.5785428705332,49.4567262747679,55.6605445141446
2004,-147,"own_distance",484,17.6652892561984,0.887089730588029,15.9222576084525,19.4083209039443
2004,-147,"other_distance",466,45.922746781116,1.34971913587187,43.2704424264304,48.5750511358017
2004,-140,"own_fav",348,75.258620689655,1.24334234890381,72.8131851135586,77.7040562657514
2004,-140,"other_fav",348,29.0804597701148,1.46707927528604,26.1949730367938,31.9659465034359
2004,-140,"gap_fav",348,46.1781609195401,2.23428397036696,41.7837175765185,50.5726042625617
2004,-140,"own_trait",224,74.0193452380952,1.17278531644197,71.7081853451122,76.3305051310782
2004,-140,"other_trait",224,35.7470238095238,1.47975367318426,32.8309339736335,38.6631136454141
2004,-140,"gap_trait",224,38.2723214285714,2.22401752453221,33.8895413647961,42.6551014923467
2004,-140,"own_ideology",333,41.8918918918921,1.36787091602392,39.201105059915,44.5826787238692
2004,-140,"other_ideology",321,52.5700934579439,2.03348782887123,48.5693993893668,56.5707875265211
2004,-140,"own_distance",330,17.6515151515152,1.07965401757434,15.527619030354,19.7754112726764
2004,-140,"other_distance",319,49.7648902821316,1.61048840555582,46.5963317316135,52.9334488326498
2004,-133,"own_fav",460,75.8043478260871,1.16100479607868,73.5228041796106,78.0858914725636
2004,-133,"other_fav",460,28.1086956521739,1.28429014647855,25.5848783227131,30.6325129816347
2004,-133,"gap_fav",460,47.695652173913,2.04055383583017,43.6856664657093,51.7056378821168
2004,-133,"own_trait",308,73.681277056277,1.18783098028779,71.3439567496341,76.0185973629199
2004,-133,"other_trait",308,36.3073593073593,1.32118912881904,33.7076273329025,38.9070912818162
2004,-133,"gap_trait",308,37.3739177489178,2.10532924444298,33.231216576051,41.5166189217845
2004,-133,"own_ideology",442,43.3257918552039,1.15839356554064,41.0491339941869,45.6024497162208
2004,-133,"other_ideology",437,54.2334096109842,1.68103168618769,50.929476562714,57.5373426592544
2004,-133,"own_distance",439,16.742596810934,0.910608989727601,14.952890572282,18.532303049586
2004,-133,"other_distance",435,48.045977011494,1.35101839523871,45.3906245758638,50.7013294471243
2004,-126,"own_fav",693,75.7287157287157,0.921654030181828,73.9191420270166,77.5382894304147
2004,-126,"other_fav",693,27.1861471861471,1.07773750385304,25.0701195006581,29.3021748716361
2004,-126,"gap_fav",693,48.5425685425685,1.68181688199529,45.2404925996772,51.8446444854598
2004,-126,"own_trait",443,73.385252069225,0.965755704717653,71.4872083529326,75.2832957855173
2004,-126,"other_trait",443,34.5605718585403,1.10682601286283,32.3852762341076,36.7358674829729
2004,-126,"gap_trait",443,38.8246802106847,1.73848396395463,35.407958417026,42.2414020043435
2004,-126,"own_ideology",664,42.2439759036145,0.962172843734398,40.3547028588878,44.1332489483412
2004,-126,"other_ideology",652,50.9585889570553,1.42551494827277,48.1594268558247,53.757751058286
2004,-126,"own_distance",662,17.2583081570997,0.745888859724854,15.7937111006102,18.7229052135891
2004,-126,"other_distance",650,49.5769230769234,1.13585696347508,47.3465248491991,51.8073213046476
2004,-119,"own_fav",1009,76.8880079286421,0.731500672056038,75.4525693772674,78.3234464800169
2004,-119,"other_fav",1009,27.8889990089197,0.841962710867748,26.2367985665024,29.541199451337
2004,-119,"gap_fav",1009,48.9990089197224,1.31303309798499,46.4224175369953,51.5756003024495
2004,-119,"own_trait",631,73.3304278922346,0.827174636525056,71.7060747706469,74.9547810138224
2004,-119,"other_trait",631,36.363972530375,0.914335544977875,34.5684583413728,38.1594867193772
2004,-119,"gap_trait",631,36.9664553618595,1.4354132000438,34.1476819018142,39.7852288219047
2004,-119,"own_ideology",965,42.7202072538857,0.796038376387146,41.1580393450123,44.2823751627591
2004,-119,"other_ideology",933,53.6173633440511,1.17824279078435,51.3050470301297,55.9296796579726
2004,-119,"own_distance",959,16.9968717413972,0.643512965509419,15.7340140095564,18.259729473238
2004,-119,"other_distance",925,47.9729729729729,0.955653113180889,46.0974705898174,49.8484753561283
2004,-112,"own_fav",967,77.4870734229574,0.749250232339148,76.0167276995618,78.9574191463531
2004,-112,"other_fav",967,27.3733195449843,0.891928579651584,25.6229785826989,29.1236605072697
2004,-112,"gap_fav",967,50.1137538779729,1.39156653797872,47.3829120048251,52.8445957511207
2004,-112,"own_trait",623,73.7027822364901,0.822960886427777,72.0866638016037,75.3189006713766
2004,-112,"other_trait",623,35.5963081861958,0.903512367531716,33.8220039423403,37.3706124300514
2004,-112,"gap_trait",623,38.1064740502943,1.46841659999826,35.2228192174971,40.9901288830915
2004,-112,"own_ideology",929,42.5457481162544,0.835290467398275,40.906470867846,44.1850253646628
2004,-112,"other_ideology",917,52.0447110141768,1.18489022892436,49.7192962026779,54.3701258256757
2004,-112,"own_distance",918,17.1296296296295,0.665217823643706,15.8241035054871,18.435155753772
2004,-112,"other_distance",908,47.1640969162996,0.957202740255917,45.2855071548609,49.0426866777382
2004,-105,"own_fav",1109,76.6636609558161,0.724540895182122,75.242033958467,78.0852879531652
2004,-105,"other_fav",1109,28.9449954914337,0.85061152167746,27.2760043944315,30.6139865884358
2004,-105,"gap_fav",1109,47.7186654643822,1.3543007483538,45.061382046438,50.3759488823265
2004,-105,"own_trait",680,74.5492647058823,0.780285539830019,73.0172022270444,76.0813271847202
2004,-105,"other_trait",680,36.7460784313726,0.889993402201033,34.9986085266727,38.4935483360725
2004,-105,"gap_trait",680,37.8031862745098,1.43692525104924,34.9818354360631,40.6245371129565
2004,-105,"own_ideology",1067,43.9315838800383,0.784537388452601,42.3921709981442,45.4709967619324
2004,-105,"other_ideology",1038,52.0231213872832,1.10770085853988,49.8495306804395,54.1967120941268
2004,-105,"own_distance",1059,17.4929178470256,0.618831770079777,16.2786407450307,18.7071949490205
2004,-105,"other_distance",1031,48.4481086323956,0.903838934615119,46.6745327658696,50.2216844989215
2004,-98,"own_fav",1283,79.1660171473107,0.655438311605759,77.8801676831412,80.4518666114802
2004,-98,"other_fav",1283,27.3187840997664,0.785699068423615,25.7773869793327,28.8601812202001
2004,-98,"gap_fav",1283,51.8472330475448,1.243052870686,49.4085918521741,54.2858742429155
2004,-98,"own_trait",833,76.3363345338134,0.683098248417312,74.9955360711685,77.6771329964582
2004,-98,"other_trait",833,34.9433773509403,0.793867799454674,33.3851582696907,36.50159643219
2004,-98,"gap_trait",833,41.3929571828732,1.27348173494444,38.8933425866187,43.8925717791276
2004,-98,"own_ideology",1235,44.0283400809714,0.722977419056081,42.6099391677796,45.4467409941632
2004,-98,"other_ideology",1217,52.2801972062445,1.05369028683522,50.2129445560732,54.3474498564159
2004,-98,"own_distance",1224,16.5032679738564,0.534637084092332,15.4543604911299,17.5521754565828
2004,-98,"other_distance",1208,48.2201986754966,0.858621307815171,46.5356426129793,49.9047547380138
2004,-91,"own_fav",1164,79.6735395189006,0.671753850389244,78.3555545286104,80.9915245091909
2004,-91,"other_fav",1164,27.4570446735398,0.824681630964675,25.8390144817519,29.0750748653277
2004,-91,"gap_fav",1164,52.2164948453613,1.29541036507696,49.6748921192309,54.7580975714917
2004,-91,"own_trait",772,76.2329447322969,0.715079291509668,74.8292114653921,77.6366779992018
2004,-91,"other_trait",772,36.3605354058721,0.854533915954049,34.6830463500911,38.0380244616532
2004,-91,"gap_trait",772,39.8724093264249,1.36699645544392,37.188932930127,42.5558857227228
2004,-91,"own_ideology",1121,42.7743086529885,0.759362309479755,41.2843757603981,44.2642415455789
2004,-91,"other_ideology",1101,53.4287011807446,1.10878509502799,51.2531285221084,55.6042738393809
2004,-91,"own_distance",1108,17.712093862816,0.596740170553155,16.5412244467072,18.8829632789248
2004,-91,"other_distance",1092,49.5650183150191,0.877765160951148,47.8427195162746,51.2873171137636
2004,-84,"own_fav",1186,78.3642495784151,0.67830540571623,77.0334361373676,79.6950630194626
2004,-84,"other_fav",1186,28.4148397976392,0.825371949320643,26.7954865170035,30.0341930782748
2004,-84,"gap_fav",1186,49.9494097807759,1.2983717696003,47.4020460300238,52.496773531528
2004,-84,"own_trait",766,74.7606614447348,0.701630421112235,73.3833119393246,76.138010950145
2004,-84,"other_trait",766,34.9066579634465,0.835266526113869,33.2669714532679,36.546344473625
2004,-84,"gap_trait",766,39.8540034812881,1.3147685718093,37.2730209759404,42.4349859866358
2004,-84,"own_ideology",1137,42.392260334213,0.75265346870941,40.9155132538831,43.8690074145429
2004,-84,"other_ideology",1115,51.9730941704041,1.08022811549084,49.8535831563525,54.0926051844557
2004,-84,"own_distance",1129,17.006200177148,0.592603766894166,15.8434705297693,18.1689298245267
2004,-84,"other_distance",1108,47.4954873646207,0.860125204329536,45.8078277340645,49.183146995177
2004,-77,"own_fav",1281,78.391881342701,0.65286594748327,77.1110764928519,79.6726861925501
2004,-77,"other_fav",1281,27.6190476190474,0.79611898277971,26.057206236246,29.1808890018488
2004,-77,"gap_fav",1281,50.7728337236534,1.24803096638884,48.3244228045746,53.2212446427322
2004,-77,"own_trait",860,74.4775193798449,0.678385884630628,73.1460314053495,75.8090073543403
2004,-77,"other_trait",860,35.9930232558138,0.76193131594606,34.4975582003668,37.4884883112608
2004,-77,"gap_trait",860,38.484496124031,1.22888544485172,36.0725264340316,40.8964658140303
2004,-77,"own_ideology",1231,41.2875710804223,0.711236684304822,39.8921997218465,42.6829424389981
2004,-77,"other_ideology",1209,55.6865177832917,1.03567326854987,53.6545996166118,57.7184359499716
2004,-77,"own_distance",1224,17.0138888888891,0.541420503804872,15.9516729771242,18.076104800654
2004,-77,"other_distance",1201,48.0641132389668,0.849431273417805,46.3975776350487,49.7306488428849
2004,-70,"own_fav",1318,78.9681335356603,0.628652154801029,77.7348645581324,80.2014025131883
2004,-70,"other_fav",1318,25.5918057663127,0.78236876635224,24.0569806310447,27.1266309015806
2004,-70,"gap_fav",1318,53.3763277693474,1.2095432647239,51.0034858503788,55.749169688316
2004,-70,"own_trait",867,76.0469050365242,0.644618832692967,74.7817070798643,77.3121029931841
2004,-70,"other_trait",867,34.2681660899654,0.792928255995685,32.7118801758964,35.8244520040343
2004,-70,"gap_trait",867,41.778738946559,1.24171879212812,39.3416086629407,44.2158692301773
2004,-70,"own_ideology",1263,43.0324623911322,0.705655801814961,41.6480747111857,44.4168500710788
2004,-70,"other_ideology",1228,54.0105863192176,1.03917504487788,51.9718295759067,56.0493430625286
2004,-70,"own_distance",1253,17.1987230646449,0.565609693798237,16.0890757073524,18.3083704219374
2004,-70,"other_distance",1218,49.3637110016413,0.824994829815191,47.7451411302088,50.9822808730738
2004,-63,"own_fav",1235,81.263157894737,0.633198709491956,80.0208927781475,82.5054230113264
2004,-63,"other_fav",1235,25.2550607287448,0.791606610077613,23.7020170111572,26.8081044463324
2004,-63,"gap_fav",1235,56.0080971659919,1.24752655078634,53.5605894676511,58.4556048643328
2004,-63,"own_trait",802,77.4478387364921,0.665927442617245,76.140669764469,78.7550077085152
2004,-63,"other_trait",802,34.525353283458,0.823977959353381,32.9079422065627,36.1427643603532
2004,-63,"gap_trait",802,42.9224854530341,1.29474991253146,40.3809819740079,45.4639889320603
2004,-63,"own_ideology",1189,42.2413793103451,0.743245238488295,40.783159766046,43.6995988546442
2004,-63,"other_ideology",1165,54.4635193133047,1.09570348410334,52.3137445817686,56.6132940448407
2004,-63,"own_distance",1181,16.8077900084673,0.553937415165682,15.7209778659006,17.8946021510339
2004,-63,"other_distance",1159,51.1000862812768,0.853079634169119,49.4263315120078,52.7738410505457
2004,-56,"own_fav",1308,79.166666666667,0.641441336206887,77.9082994404042,80.4250338929297
2004,-56,"other_fav",1308,25.2752293577983,0.764971710715743,23.7745226283643,26.7759360872323
2004,-56,"gap_fav",1308,53.8914373088689,1.23064311012981,51.4771854208148,56.3056891969229
2004,-56,"own_trait",851,75.6913435174305,0.681179145649012,74.3543531531555,77.0283338817054
2004,-56,"other_trait",851,33.9010967489229,0.78132501586099,32.3675441963446,35.4346493015012
2004,-56,"gap_trait",851,41.7902467685077,1.26175486612345,39.3137262982915,44.2667672387238
2004,-56,"own_ideology",1259,42.593328038126,0.727309080665416,41.1664556145182,44.0202004617337
2004,-56,"other_ideology",1212,54.558580858086,1.084242442199,52.4313786712333,56.6857830449387
2004,-56,"own_distance",1242,16.5056360708533,0.539059009182205,15.448068384046,17.5632037576606
2004,-56,"other_distance",1200,50.5625000000001,0.836903104319074,48.9205425651149,52.2044574348853
2004,-49,"own_fav",1362,77.8193832599121,0.641076099208238,76.5617787982571,79.076987721567
2004,-49,"other_fav",1362,26.1967694566813,0.765732413687376,24.6946256377549,27.6989132756077
2004,-49,"gap_fav",1362,51.6226138032305,1.22337666438742,49.2227053472479,54.0225222592131
2004,-49,"own_trait",856,75.0718457943925,0.692402198265074,73.7128386171599,76.4308529716251
2004,-49,"other_trait",856,34.4517133956387,0.800009226317314,32.8815013380488,36.0219254532285
2004,-49,"gap_trait",856,40.6201323987539,1.2835402951662,38.1008733932671,43.1393914042407
2004,-49,"own_ideology",1311,42.4866514111371,0.681331556785532,41.1500311576592,43.823271664615
2004,-49,"other_ideology",1263,55.027711797308,1.01143716543837,53.0434283162235,57.0119952783926
2004,-49,"own_distance",1298,17.0839753466871,0.539106887120628,16.0263583082391,18.141592385135
2004,-49,"other_distance",1254,48.2655502392352,0.810372177019829,46.6757142444283,49.8553862340421
2004,-42,"own_fav",1273,77.4469756480755,0.668947766071009,76.1346133682864,78.7593379278647
2004,-42,"other_fav",1273,24.611154752553,0.759166743589082,23.1217981108404,26.1005113942656
2004,-42,"gap_fav",1273,52.8358208955224,1.23573310114558,50.4115217318442,55.2601200592005
2004,-42,"own_trait",836,75.1688596491235,0.690069019196194,73.8143859120652,76.5233333861819
2004,-42,"other_trait",836,34.3197767145138,0.797688928548078,32.7540656421357,35.8854877868919
2004,-42,"gap_trait",836,40.8490829346095,1.28234850378187,38.3320776470054,43.3660882222136
2004,-42,"own_ideology",1219,44.0730106644788,0.727265512745664,42.6461785889044,45.4998427400532
2004,-42,"other_ideology",1195,52.2803347280337,1.05875124778287,50.2031147606868,54.3575546953806
2004,-42,"own_distance",1212,16.7491749174919,0.571864983479714,15.627218797627,17.8711310373569
2004,-42,"other_distance",1190,48.5084033613451,0.82605060135137,46.887724161645,50.1290825610453
2004,-35,"own_fav",1565,78.8242811501591,0.59427990789099,77.6586118455768,79.9899504547414
2004,-35,"other_fav",1565,25.5782747603835,0.686399698985861,24.23191414957,26.924635371197
2004,-35,"gap_fav",1565,53.2460063897762,1.10608208808743,51.0764463536522,55.4155664259002
2004,-35,"own_trait",1027,77.4586173320353,0.58223277455547,76.3161142882568,78.6011203758137
2004,-35,"other_trait",1027,34.8440441415125,0.705505395754506,33.4596458436546,36.2284424393704
2004,-35,"gap_trait",1027,42.6145731905225,1.10856799808457,40.4392536836225,44.7898926974225
2004,-35,"own_ideology",1510,43.1622516556285,0.641870951523239,41.9031978382746,44.4213054729824
2004,-35,"other_ideology",1493,52.6959142665773,0.95133511544169,50.8298178788806,54.562010654274
2004,-35,"own_distance",1500,16.4833333333335,0.493711661303142,15.5148943050283,17.4517723616388
2004,-35,"other_distance",1485,50.303030303031,0.756853912954889,48.8184130409069,51.7876475651552
2004,-28,"own_fav",1460,79.5479452054781,0.617449041736466,78.3367625566007,80.7591278543554
2004,-28,"other_fav",1460,23.7123287671231,0.713257407335745,22.3132092648581,25.111448269388
2004,-28,"gap_fav",1460,55.8356164383554,1.17563029803705,53.529510311002,58.1417225657088
2004,-28,"own_trait",976,78.0751366120216,0.6157848659246,76.8667203572045,79.2835528668386
2004,-28,"other_trait",976,35.0309084699453,0.729376142040083,33.5995806886209,36.4622362512697
2004,-28,"gap_trait",976,43.0442281420765,1.18334076173631,40.7220401660491,45.3664161181039
2004,-28,"own_ideology",1413,42.993630573248,0.682511312341661,41.6547853424118,44.3324758040843
2004,-28,"other_ideology",1397,53.9191123836798,1.00165380116517,51.9542034117133,55.8840213556463
2004,-28,"own_distance",1404,16.0612535612537,0.516415244773683,15.048224355553,17.0742827669543
2004,-28,"other_distance",1386,50.0541125541123,0.769571686673623,48.5444604852071,51.5637646230175
2004,-21,"own_fav",1416,79.894067796611,0.615996309598912,78.6857036181296,81.1024319750923
2004,-21,"other_fav",1416,24.5974576271186,0.717250986951743,23.1904680297666,26.0044472244706
2004,-21,"gap_fav",1416,55.2966101694917,1.15477734752191,53.0313505256868,57.5618698132966
2004,-21,"own_trait",942,77.8083864118897,0.678050458765588,76.4777203970417,79.1390524267377
2004,-21,"other_trait",942,34.6714437367304,0.758954145644245,33.1820051921782,36.1608822812826
2004,-21,"gap_trait",942,43.1369426751593,1.24546597353312,40.6927304160197,45.5811549342989
2004,-21,"own_ideology",1376,43.0595930232558,0.704380402377682,41.6778164917495,44.4413695547621
2004,-21,"other_ideology",1357,53.9240972733969,1.04475365389485,51.8745883768549,55.9736061699389
2004,-21,"own_distance",1364,16.4772727272726,0.526470740880131,15.444491925205,17.5100535293402
2004,-21,"other_distance",1347,52.1714922048994,0.782631865085863,50.6361813586858,53.7068030511131
2004,-14,"own_fav",1658,80.8866103739446,0.543320412299314,79.8209435213589,81.9522772265304
2004,-14,"other_fav",1658,23.6972255729794,0.665522141689232,22.3918726541398,25.0025784918191
2004,-14,"gap_fav",1658,57.189384800965,1.05169685845588,55.1265900749544,59.2521795269757
2004,-14,"own_trait",1071,79.2230003112357,0.564526075089364,78.1152965456686,80.3307040768028
2004,-14,"other_trait",1071,32.9126984126984,0.693804702714337,31.5513262535059,34.2740705718908
2004,-14,"gap_trait",1071,46.3103018985372,1.10640630165777,44.1393296783444,48.4812741187301
2004,-14,"own_ideology",1600,42.3125,0.644192118682283,41.0489502153755,43.5760497846245
2004,-14,"other_ideology",1581,54.6489563567358,0.960508985351009,52.7649501078224,56.5329626056491
2004,-14,"own_distance",1590,15.5345911949685,0.481723469690289,14.5897108239883,16.4794715659486
2004,-14,"other_distance",1570,50.9872611464974,0.731600150712033,49.5522442077701,52.4222780852246
2004,-7,"own_fav",1948,81.011293634498,0.530627089092675,79.9706367266863,82.0519505423097
2004,-7,"other_fav",1948,23.9065708418891,0.617109066973524,22.6963069359937,25.1168347477846
2004,-7,"gap_fav",1948,57.1047227926083,1.00291114085972,55.1378303589001,59.0716152263164
2004,-7,"own_trait",1309,78.3298955946014,0.541708891983276,77.2671823045206,79.3926088846822
2004,-7,"other_trait",1309,34.5282658517953,0.642167276756149,33.268475382111,35.7880563214796
2004,-7,"gap_trait",1309,43.8016297428062,1.04875600912928,41.744201914968,45.8590575706445
2004,-7,"own_ideology",1898,42.716016859853,0.594475752231637,41.5501219145884,43.8819118051175
2004,-7,"other_ideology",1861,54.3390650188061,0.887157563847901,52.5991359271712,56.078994110441
2004,-7,"own_distance",1881,16.3211057947902,0.454018113829312,15.4306733794898,17.2115382100907
2004,-7,"other_distance",1845,50.8130081300804,0.674980888955568,49.4892009867352,52.1368152734256
2008,-308,"own_fav",887,65.0620067643745,0.757187143337198,63.5759171346814,66.5480963940677
2008,-308,"other_fav",887,49.3461104847803,0.847316871081359,47.6831281873943,51.0090927821664
2008,-308,"gap_fav",887,15.7158962795942,1.03196129214352,13.6905225156655,17.7412700435229
2008,-308,"own_trait",0,,,,
2008,-308,"other_trait",0,,,,
2008,-308,"gap_trait",0,,,,
2008,-308,"own_ideology",837,49.3428912783755,0.948592750312872,47.4809880472257,51.2047945095252
2008,-308,"other_ideology",797,53.9209535759102,1.14182381524314,51.6796120199173,56.1622951319031
2008,-308,"own_distance",828,22.4335748792269,0.793748453001888,20.8755763309641,23.9915734274897
2008,-308,"other_distance",791,45.670037926675,1.04185548388423,43.624905422199,47.715170431151
2008,-301,"own_fav",893,67.5475923852183,0.791269185842815,65.994626091187,69.1005586792495
2008,-301,"other_fav",893,48.5218365061589,0.856281222326618,46.841275831894,50.2023971804239
2008,-301,"gap_fav",893,19.0257558790593,1.09692546752983,16.8729003039698,21.1786114541489
2008,-301,"own_trait",0,,,,
2008,-301,"other_trait",0,,,,
2008,-301,"gap_trait",0,,,,
2008,-301,"own_ideology",850,48.7352941176475,0.963920205181569,46.8433480723432,50.6272401629518
2008,-301,"other_ideology",830,55.3915662650598,1.11976168711958,53.1936647665811,57.5894677635384
2008,-301,"own_distance",843,22.4495848161327,0.766490616133243,20.9451282299582,23.9540414023073
2008,-301,"other_distance",822,45.0121654501214,1.05036299091275,42.9504524007815,47.0738784994614
2008,-294,"own_fav",923,66.3705308775729,0.816067555153275,64.7689654372581,67.9720963178877
2008,-294,"other_fav",923,47.6814734561213,0.828569076478037,46.0553732767661,49.3075736354766
2008,-294,"gap_fav",923,18.6890574214518,1.1240905335505,16.4829844818392,20.8951303610645
2008,-294,"own_trait",0,,,,
2008,-294,"other_trait",0,,,,
2008,-294,"gap_trait",0,,,,
2008,-294,"own_ideology",879,50.1137656427763,0.982501280122761,48.185440294349,52.0420909912035
2008,-294,"other_ideology",842,54.7505938242283,1.11935638017962,52.5535337096895,56.9476539387671
2008,-294,"own_distance",867,21.8569780853517,0.765139668871503,20.3552330283984,23.358723142305
2008,-294,"other_distance",831,46.5403128760532,1.04844618928482,44.4823951800605,48.5982305720459
2008,-287,"own_fav",992,66.1693548387094,0.784254552336883,64.6303645446523,67.7083451327666
2008,-287,"other_fav",992,47.8830645161288,0.813859314491998,46.2859790009743,49.4801500312832
2008,-287,"gap_fav",992,18.2862903225806,1.08039151744871,16.1661724932601,20.4064081519012
2008,-287,"own_trait",0,,,,
2008,-287,"other_trait",0,,,,
2008,-287,"gap_trait",0,,,,
2008,-287,"own_ideology",943,52.3329798515372,0.945201288355028,50.4780360257173,54.1879236773571
2008,-287,"other_ideology",907,52.8665931642781,1.14710910811884,50.6152930861321,55.117893242424
2008,-287,"own_distance",930,24.0591397849465,0.797725962352109,22.4935859646457,25.6246936052472
2008,-287,"other_distance",896,47.879464285714,1.00872279425866,45.8997266777745,49.8592018936536
2008,-280,"own_fav",1012,68.2509881422926,0.820982935718732,66.6399624834992,69.862013801086
2008,-280,"other_fav",1012,48.4387351778657,0.799589831426372,46.869689490198,50.0077808655333
2008,-280,"gap_fav",1012,19.8122529644269,1.11617446286001,17.6219690728583,22.0025368559955
2008,-280,"own_trait",0,,,,
2008,-280,"other_trait",0,,,,
2008,-280,"gap_trait",0,,,,
2008,-280,"own_ideology",975,51.9230769230775,0.903825289255536,50.1494078623265,53.6967459838285
2008,-280,"other_ideology",909,51.6501650165016,1.10072925438609,49.4898957470007,53.8104342860026
2008,-280,"own_distance",962,24.2723492723491,0.770958358793026,22.759393152093,25.7853053926052
2008,-280,"other_distance",899,45.9121245828699,1.0279748288273,43.8946117104036,47.9296374553361
2008,-273,"own_fav",1078,68.3302411873834,0.737917996115964,66.8823213074926,69.7781610672741
2008,-273,"other_fav",1078,47.04081632653,0.794715760021919,45.4814496301561,48.6001830229039
2008,-273,"gap_fav",1078,21.2894248608533,1.06024429389422,19.209046283897,23.3698034378095
2008,-273,"own_trait",0,,,,
2008,-273,"other_trait",0,,,,
2008,-273,"gap_trait",0,,,,
2008,-273,"own_ideology",1033,49.7579864472404,0.861490013035811,48.0675144457432,51.4484584487377
2008,-273,"other_ideology",992,56.0231854838707,1.04917601310838,53.9643237327721,58.0820472349693
2008,-273,"own_distance",1017,22.5172074729598,0.697786231532969,21.1479404107043,23.8864745352153
2008,-273,"other_distance",976,45.6454918032785,0.99862944128247,43.6857813326863,47.6052022738706
2008,-266,"own_fav",1123,68.1389136242207,0.758238811439416,66.6511879984106,69.6266392500308
2008,-266,"other_fav",1123,45.4764024933212,0.766675257674623,43.9721238804237,46.9806811062186
2008,-266,"gap_fav",1123,22.6625111308994,1.05225851138697,20.5978951698735,24.7271270919254
2008,-266,"own_trait",0,,,,
2008,-266,"other_trait",0,,,,
2008,-266,"gap_trait",0,,,,
2008,-266,"own_ideology",1094,53.5420475319925,0.836600133022402,51.9005236482807,55.1835714157043
2008,-266,"other_ideology",1049,52.8836987607238,1.04940044163873,50.8245335493025,54.9428639721452
2008,-266,"own_distance",1084,23.2011070110699,0.703789951701314,21.8201607322821,24.5820532898577
2008,-266,"other_distance",1039,47.7863330125117,0.975440507763301,45.8722728945179,49.7003931305054
2008,-259,"own_fav",1022,67.7299412915842,0.764670090974132,66.2294366866949,69.2304458964735
2008,-259,"other_fav",1022,44.5009784735807,0.804705915790504,42.9219119630976,46.0800449840638
2008,-259,"gap_fav",1022,23.2289628180038,1.11047255181348,21.049893442508,25.4080321934995
2008,-259,"own_trait",0,,,,
2008,-259,"other_trait",0,,,,
2008,-259,"gap_trait",0,,,,
2008,-259,"own_ideology",980,51.122448979592,0.890034385819264,49.3758543213775,52.8690436378064
2008,-259,"other_ideology",950,56.0789473684218,1.11110830972685,53.8984341099509,58.2594606268926
2008,-259,"own_distance",959,21.8456725755996,0.727383138487414,20.4182243815725,23.2731207696268
2008,-259,"other_distance",936,48.6645299145298,1.02992978486623,46.6432881751746,50.685771653885
2008,-252,"own_fav",1126,69.5914742451153,0.706010217208677,68.206229317377,70.9767191728535
2008,-252,"other_fav",1126,43.6856127886323,0.786708565244407,42.1420316575806,45.229193919684
2008,-252,"gap_fav",1126,25.905861456483,1.09028978294165,23.76663123747,28.0450916754961
2008,-252,"own_trait",0,,,,
2008,-252,"other_trait",0,,,,
2008,-252,"gap_trait",0,,,,
2008,-252,"own_ideology",1084,50.5765682656827,0.870213042711871,48.8690737779018,52.2840627534635
2008,-252,"other_ideology",1035,53.3816425120775,1.05644536974877,51.3086210774655,55.4546639466895
2008,-252,"own_distance",1067,22.7507029053424,0.710759439642067,21.3560565144662,24.1453492962186
2008,-252,"other_distance",1023,47.5562072336265,0.962041391703979,45.668405057205,49.4440094100481
2008,-245,"own_fav",952,69.6323529411763,0.808887791165177,68.04494170407,71.2197641782826
2008,-245,"other_fav",952,42.7626050420169,0.825554858696469,41.1424853247261,44.3827247593077
2008,-245,"gap_fav",952,26.8697478991598,1.1523717587038,24.608262562046,29.1312332362735
2008,-245,"own_trait",509,70.7580222658808,0.999884727305497,68.7936039692564,72.7224405625052
2008,-245,"other_trait",509,51.3555992141454,1.08968155179325,49.214762056241,53.4964363720498
2008,-245,"gap_trait",509,19.4024230517354,1.47094772798931,16.5125332961162,22.2923128073547
2008,-245,"own_ideology",924,49.7564935064936,0.925537764419447,47.9400909587918,51.5728960541954
2008,-245,"other_ideology",889,53.5433070866147,1.13115564638525,51.3232568499706,55.7633573232589
2008,-245,"own_distance",908,22.522026431718,0.742821267913278,21.0641780890486,23.9798747743875
2008,-245,"other_distance",878,46.2984054669703,1.01560143341051,44.3051123180691,48.2916986158714
2008,-238,"own_fav",737,69.3758480325644,0.890261479270533,67.6280934659669,71.1236025991618
2008,-238,"other_fav",737,42.3473541383989,0.963387063620605,40.4560399806488,44.2386682961489
2008,-238,"gap_fav",737,27.0284938941655,1.32394578127919,24.4293336035797,29.6276541847514
2008,-238,"own_trait",725,69.1942528735632,0.843800715478735,67.537664499468,70.8508412476583
2008,-238,"other_trait",725,48.2287356321839,0.965647967937833,46.3329311278623,50.1245401365056
2008,-238,"gap_trait",725,20.9655172413793,1.24476463311179,18.5217380623964,23.4092964203622
2008,-238,"own_ideology",705,50.1773049645386,1.0592277015931,48.0976814947525,52.2569284343248
2008,-238,"other_ideology",690,51.9927536231884,1.34430105821475,49.3533354466846,54.6321717996922
2008,-238,"own_distance",693,23.0519480519482,0.860230938780806,21.3629723265357,24.7409237773606
2008,-238,"other_distance",677,48.005908419498,1.18584016597087,45.6775356270654,50.3342812119305
2008,-231,"own_fav",604,69.139072847682,1.03420294709619,67.1079956055156,71.1701500898484
2008,-231,"other_fav",604,43.4768211920528,1.0808663113756,41.354101494702,45.5995408894036
2008,-231,"gap_fav",604,25.6622516556292,1.50854038706938,22.6996203290907,28.6248829821676
2008,-231,"own_trait",598,69.0788740245261,0.971511219424223,67.1708788694327,70.9868691796195
2008,-231,"other_trait",598,49.5289855072464,1.09455920137971,47.3793308131575,51.6786402013354
2008,-231,"gap_trait",598,19.5498885172798,1.45986888816126,16.6827854823462,22.4169915522135
2008,-231,"own_ideology",581,50.6454388984509,1.14964759689548,48.3874591527924,52.9034186441095
2008,-231,"other_ideology",560,50.3571428571428,1.41855355352595,47.5707961235052,53.1434895907804
2008,-231,"own_distance",571,23.7740805604204,0.952672824946,21.9029029358157,25.6452581850251
2008,-231,"other_distance",555,46.4414414414417,1.31427270218315,43.8598743547773,49.0230085281062
2008,-224,"own_fav",552,68.3152173913042,1.08360186846026,66.1867213337215,70.4437134488869
2008,-224,"other_fav",552,41.7028985507246,1.12186400834174,39.499244987177,43.9065521142722
2008,-224,"gap_fav",552,26.6123188405797,1.58962605847608,23.4898502504278,29.7347874307316
2008,-224,"own_trait",540,69.2376543209876,1.01672812459096,67.2404190503824,71.2348895915928
2008,-224,"other_trait",540,48.0802469135803,1.12963222675388,45.8612256516349,50.2992681755256
2008,-224,"gap_trait",540,21.1574074074074,1.52106755659587,18.1694603844717,24.1453544303431
2008,-224,"own_ideology",535,50.4205607476633,1.18958042689283,48.083729501585,52.7573919937415
2008,-224,"other_ideology",508,50.7874015748031,1.52112051971723,47.7989260300388,53.7758771195675
2008,-224,"own_distance",530,21.2264150943396,0.948908530987449,19.3623236340082,23.0905065546709
2008,-224,"other_distance",502,45.9163346613546,1.37663648618955,43.2116427470546,48.6210265756546
2008,-217,"own_fav",580,68.2241379310345,0.985075428156231,66.289381224985,70.158894637084
2008,-217,"other_fav",580,43.9655172413792,1.07277796903921,41.8585066405914,46.072527842167
2008,-217,"gap_fav",580,24.2586206896552,1.44827355782819,21.4141106165059,27.1031307628045
2008,-217,"own_trait",568,69.3955399061033,0.921363249348446,67.5858381271147,71.2052416850919
2008,-217,"other_trait",568,49.9031690140847,1.02846922759093,47.883094312687,51.9232437154823
2008,-217,"gap_trait",568,19.4923708920188,1.36216847087935,16.8168585935026,22.1678831905349
2008,-217,"own_ideology",562,51.6903914590748,1.14507138886197,49.4412403880592,53.9395425300904
2008,-217,"other_ideology",542,51.4298892988928,1.50823884554091,48.4671673233728,54.3926112744128
2008,-217,"own_distance",553,21.9710669077757,0.960814556969254,20.0837668758417,23.8583669397098
2008,-217,"other_distance",534,46.9101123595506,1.29511323315238,44.365959900079,49.4542648190222
2008,-210,"own_fav",647,69.7063369397216,0.935065728620528,67.8702016634611,71.5424722159821
2008,-210,"other_fav",647,40.7727975270479,1.01855163168507,38.7727257413043,42.7728693127914
2008,-210,"gap_fav",647,28.9335394126739,1.42116679215231,26.1428751837855,31.7242036415624
2008,-210,"own_trait",642,71.3538421599169,0.871097046767806,69.6432934934973,73.0643908263365
2008,-210,"other_trait",642,48.0179127725856,1.00455209221818,46.0453022028808,49.9905233422904
2008,-210,"gap_trait",642,23.3359293873313,1.37779249630948,20.6303971783657,26.0414615962969
2008,-210,"own_ideology",620,49.9999999999996,1.12705767490113,47.7866798699409,52.2133201300584
2008,-210,"other_ideology",625,56.8399999999994,1.42224452439779,54.0470346596841,59.6329653403148
2008,-210,"own_distance",615,22.6829268292682,0.872295398979144,20.9698824929385,24.3959711655979
2008,-210,"other_distance",621,50.6038647342992,1.22910413662248,48.1901530030159,53.0175764655825
2008,-203,"own_fav",600,69.8,0.988210976913069,67.8592205936787,71.7407794063213
2008,-203,"other_fav",600,40.3166666666667,1.14991934745771,38.0583029765084,42.575030356825
2008,-203,"gap_fav",600,29.4833333333334,1.59728121236626,26.3463812497329,32.6202854169339
2008,-203,"own_trait",595,70.8081232492999,0.920833962496112,68.9996369142316,72.6166095843682
2008,-203,"other_trait",595,46.7577030812327,1.11286387651329,44.5720765780465,48.9433295844188
2008,-203,"gap_trait",595,24.0504201680672,1.50559744404398,21.0934784016206,27.0073619345139
2008,-203,"own_ideology",587,49.5741056218056,1.17188261124949,47.2725041953694,51.8757070482419
2008,-203,"other_ideology",574,53.2665505226481,1.53824803243548,50.2452580508446,56.2878429944515
2008,-203,"own_distance",579,22.0639032815199,0.952710859610311,20.1927060596056,23.9351005034341
2008,-203,"other_distance",566,50.7950530035335,1.32436370734517,48.193775486932,53.396330520135
2008,-196,"own_fav",697,67.2740315638451,0.939973351653746,65.428508325489,69.1195548022013
2008,-196,"other_fav",697,39.196556671449,1.02024202872493,37.1934356580215,41.1996776848765
2008,-196,"gap_fav",697,28.077474892396,1.41828888010325,25.2928373467383,30.8621124380536
2008,-196,"own_trait",690,68.6292270531401,0.901605192844415,66.8590036947028,70.3994504115775
2008,-196,"other_trait",690,46.0990338164252,1.02908337544711,44.0785181367752,48.1195494960752
2008,-196,"gap_trait",690,22.530193236715,1.42651308090782,19.7293589059225,25.3310275675075
2008,-196,"own_ideology",675,50.4444444444448,1.10436461542159,48.2760356802023,52.6128532086873
2008,-196,"other_ideology",656,51.867378048781,1.38845267579516,49.1410229814667,54.5937331160954
2008,-196,"own_distance",666,22.0720720720723,0.867162750360495,20.3693653189302,23.7747788252143
2008,-196,"other_distance",648,50.5401234567901,1.21955057165506,48.1453684562322,52.934878457348
2008,-189,"own_fav",665,68.2406015037594,0.984113210429398,66.3082528070372,70.1729502004815
2008,-189,"other_fav",665,39.1278195488722,1.04792114437846,37.0701812241883,41.1854578735562
2008,-189,"gap_fav",665,29.1127819548873,1.44718329221927,26.2711751976547,31.9543887121198
2008,-189,"own_trait",655,68.5750636132315,0.928428875372746,66.7520026058629,70.3981246206
2008,-189,"other_trait",655,45.4058524173028,1.05168726801046,43.3407614866851,47.4709433479205
2008,-189,"gap_trait",655,23.1692111959288,1.41263535068443,20.3953633614037,25.9430590304538
2008,-189,"own_ideology",634,51.5772870662459,1.13107409187333,49.3561757179957,53.7983984144961
2008,-189,"other_ideology",632,51.9382911392405,1.40814229923166,49.1730789805826,54.7035032978984
2008,-189,"own_distance",625,22.6399999999998,0.876537477075534,20.9186794036024,24.3613205963973
2008,-189,"other_distance",624,48.4775641025638,1.28288300155472,45.9582652941038,50.9968629110237
2008,-182,"own_fav",597,69.3467336683419,1.01483220010651,67.3536516720253,71.3398156646585
2008,-182,"other_fav",597,39.0787269681744,1.10135429949735,36.9157196989296,41.2417342374192
2008,-182,"gap_fav",597,30.2680067001676,1.56076821912665,27.2027324236538,33.3332809766815
2008,-182,"own_trait",590,70.1186440677968,0.954541209760007,68.2439253627372,71.9933627728563
2008,-182,"other_trait",590,46.5974576271187,1.09721287292612,44.442531810114,48.7523834441233
2008,-182,"gap_trait",590,23.521186440678,1.5142963783149,20.5471087199847,26.4952641613712
2008,-182,"own_ideology",583,49.185248713551,1.18968637561176,46.8486470938085,51.5218503332934
2008,-182,"other_ideology",568,52.5528169014085,1.51715809479989,49.572880698062,55.5327531047549
2008,-182,"own_distance",575,22.8695652173913,0.983526202762487,20.9378160507802,24.8013143840024
2008,-182,"other_distance",559,50.6261180679786,1.30784648145497,48.0572140370335,53.1950220989237
2008,-175,"own_fav",664,69.1566265060236,0.975736123856364,67.2407213029489,71.0725317090984
2008,-175,"other_fav",664,38.7951807228914,1.05267954357066,36.7281933833981,40.8621680623847
2008,-175,"gap_fav",664,30.3614457831324,1.48935513466679,27.437024741451,33.2858668248138
2008,-175,"own_trait",649,70.4635336414998,0.899297335007965,68.6976449514068,72.2294223315927
2008,-175,"other_trait",649,45.7062146892654,1.03304976337937,43.6776855004864,47.7347438780444
2008,-175,"gap_trait",649,24.7573189522342,1.4380196479561,21.93357808967,27.5810598147985
2008,-175,"own_ideology",640,48.0859375,1.10381535450833,45.9183936322903,50.2534813677097
2008,-175,"other_ideology",622,54.3006430868166,1.45401611863084,51.4452587423875,57.1560274312458
2008,-175,"own_distance",627,22.6874003189793,0.887485756879458,20.9445906073236,24.430210030635
2008,-175,"other_distance",615,49.3902439024389,1.2791929830204,46.8781198018186,51.9023680030592
2008,-168,"own_fav",630,67.634920634921,1.0563358069922,65.560548984204,69.709292285638
2008,-168,"other_fav",630,37.0634920634921,1.06239998104769,34.9772119356957,39.1497721912885
2008,-168,"gap_fav",630,30.5714285714285,1.59474169200202,27.4397663346585,33.7030908081985
2008,-168,"own_trait",622,69.6570203644159,0.995086387440976,67.7028782777869,71.611162451045
2008,-168,"other_trait",622,43.758038585209,1.09410400265016,41.6094465577105,45.9066306127076
2008,-168,"gap_trait",622,25.8989817792068,1.54573211183521,22.8634863563832,28.9344772020305
2008,-168,"own_ideology",605,51.8595041322317,1.1753202760189,49.5512934245702,54.1677148398933
2008,-168,"other_ideology",601,50.0831946755412,1.48246904743803,47.1717357293924,52.9946536216901
2008,-168,"own_distance",595,23.3193277310924,0.965654319959696,21.4228157504603,25.2158397117245
2008,-168,"other_distance",591,50.5922165820642,1.31153791593768,48.0163654218469,53.1680677422814
2008,-161,"own_fav",652,68.3282208588957,0.978597501371388,66.4066324241221,70.2498092936692
2008,-161,"other_fav",652,37.5460122699386,1.00096739137778,35.5804979904095,39.5115265494678
2008,-161,"gap_fav",652,30.782208588957,1.4772765077606,27.8814067288487,33.6830104490653
2008,-161,"own_trait",645,70.6007751937983,0.928732009589864,68.7770664497264,72.4244839378702
2008,-161,"other_trait",645,45.9806201550386,1.05213503472102,43.9145905114469,48.0466497986302
2008,-161,"gap_trait",645,24.6201550387596,1.48835834216394,21.69753355604,27.5427765214792
2008,-161,"own_ideology",633,49.6840442338073,1.13590773481978,47.4534342093458,51.9146542582689
2008,-161,"other_ideology",627,53.787878787879,1.4479281001321,50.9444943897311,56.6312631860268
2008,-161,"own_distance",628,21.8152866242039,0.91182786549867,20.0246803666676,23.6058928817401
2008,-161,"other_distance",621,51.8921095008048,1.25187695696186,49.4336765600082,54.3505424416014
2008,-154,"own_fav",530,71.0943396226416,1.04225605723148,69.0468708178854,73.1418084273978
2008,-154,"other_fav",530,38.9056603773584,1.10762190121888,36.7297830826422,41.0815376720746
2008,-154,"gap_fav",530,32.1886792452831,1.64843618056862,28.9503947249599,35.4269637656062
2008,-154,"own_trait",522,71.5325670498085,1.02296913598174,69.5229158412807,73.5422182583363
2008,-154,"other_trait",522,45.6082375478928,1.13681121705346,43.3749404171568,47.8415346786287
2008,-154,"gap_trait",522,25.9243295019157,1.64375848531416,22.6951204179396,29.1535385858918
2008,-154,"own_ideology",512,49.658203125,1.29765623285665,47.1088053412654,52.2076009087346
2008,-154,"other_ideology",508,53.2972440944883,1.62499200009707,50.1046970281779,56.4897911607986
2008,-154,"own_distance",506,23.7648221343874,1.06044202598292,21.6814007009692,25.8482435678057
2008,-154,"other_distance",499,51.0020040080159,1.42836304775542,48.1956434462609,53.808364569771
2008,-147,"own_fav",297,70.8080808080808,1.42216242459851,68.0092499001521,73.6069117160096
2008,-147,"other_fav",297,40.4377104377104,1.54865833353677,37.3899342239999,43.4854866514208
2008,-147,"gap_fav",297,30.3703703703703,2.11287210647086,26.212215398894,34.5285253418467
2008,-147,"own_trait",295,72.994350282486,1.36211908590417,70.3136104447855,75.6750901201864
2008,-147,"other_trait",295,45.3870056497175,1.4926587981625,42.4493550832312,48.3246562162039
2008,-147,"gap_trait",295,27.6073446327684,2.08275791485543,23.508340241436,31.7063490241007
2008,-147,"own_ideology",291,49.3127147766323,1.70773854323359,45.9515815230059,52.6738480302588
2008,-147,"other_ideology",278,55.0359712230216,2.2080736940434,50.6892345290064,59.3827079170369
2008,-147,"own_distance",284,23.8556338028169,1.37861373658201,21.1419954443334,26.5692721613004
2008,-147,"other_distance",273,53.2051282051283,1.86785524756983,49.5278370358106,56.882419374446
2008,-140,"own_fav",253,72.3320158102767,1.43410432929515,69.5076586698943,75.1563729506592
2008,-140,"other_fav",253,38.6561264822134,1.71693021045539,35.2747657259696,42.0374872384573
2008,-140,"gap_fav",253,33.6758893280632,2.55279108296604,28.6483654751624,38.7034131809641
2008,-140,"own_trait",251,73.6686586985391,1.26903548755656,71.1692953446021,76.1680220524762
2008,-140,"other_trait",251,41.7065073041169,1.64405453000829,38.4685445485688,44.944470059665
2008,-140,"gap_trait",251,31.9621513944223,2.30642193465799,27.4196570995621,36.5046456892825
2008,-140,"own_ideology",249,49.7991967871486,1.77126723347287,46.3105519680348,53.2878416062624
2008,-140,"other_ideology",243,53.4979423868313,2.37616019691858,48.8173460698108,58.1785387038517
2008,-140,"own_distance",247,22.672064777328,1.47271709641653,19.771321398041,25.5728081566149
2008,-140,"other_distance",240,50.625,2.05042878292891,46.585779541482,54.664220458518
2008,-133,"own_fav",236,69.8728813559323,1.57225416742313,66.775367600249,72.9703951116155
2008,-133,"other_fav",236,37.1610169491525,1.66743637245426,33.8759837735886,40.4460501247165
2008,-133,"gap_fav",236,32.7118644067796,2.55930173400145,27.6697583082432,37.7539705053161
2008,-133,"own_trait",236,72.6694915254238,1.5143140953085,69.6861260888221,75.6528569620255
2008,-133,"other_trait",236,44.1242937853107,1.71850865599292,40.7386425900442,47.5099449805772
2008,-133,"gap_trait",236,28.545197740113,2.46626156953727,23.6863910057825,33.4040044744435
2008,-133,"own_ideology",225,52.4444444444445,1.88275146698117,48.7342737665798,56.1546151223091
2008,-133,"other_ideology",224,55.46875,2.5118863061258,50.5186787422324,60.4188212577676
2008,-133,"own_distance",223,24.7757847533632,1.58097139563787,21.6601527321897,27.8914167745368
2008,-133,"other_distance",221,53.5067873303167,2.17691054647051,49.216519851211,57.7970548094225
2008,-126,"own_fav",216,67.0833333333334,1.70158827867142,63.7294022345424,70.4372644321244
2008,-126,"other_fav",216,36.9444444444444,1.77783833876176,33.4402199691492,40.4486689197397
2008,-126,"gap_fav",216,30.1388888888889,2.57236285828919,25.0686096116202,35.2091681661576
2008,-126,"own_trait",213,70.2856025039124,1.71588700744927,66.9032168432187,73.667988164606
2008,-126,"other_trait",213,44.037558685446,1.79283483317469,40.5034921616038,47.5716252092882
2008,-126,"gap_trait",213,26.2480438184664,2.55001968243658,21.2214016381158,31.274685998817
2008,-126,"own_ideology",201,48.7562189054726,1.93770556429241,44.93526462073,52.5771731902152
2008,-126,"other_ideology",198,56.9444444444444,2.57471240129144,51.866908099848,62.0219807890407
2008,-126,"own_distance",198,25,1.70769377165253,21.6322929168099,28.3677070831901
2008,-126,"other_distance",196,53.0612244897958,2.30556436382584,48.5141811109983,57.6082678685933
2008,-119,"own_fav",214,71.6355140186916,1.5809485220654,68.5192053872166,74.7518226501666
2008,-119,"other_fav",214,39.392523364486,1.75517080239975,35.9327940659725,42.8522526629994
2008,-119,"gap_fav",214,32.2429906542056,2.56255750942649,27.1917698371963,37.2942114712149
2008,-119,"own_trait",213,74.4718309859155,1.39464641710256,71.7226802420342,77.2209817297969
2008,-119,"other_trait",213,47.112676056338,1.73018107287792,43.702113690693,50.5232384219831
2008,-119,"gap_trait",213,27.3591549295774,2.33751769324387,22.7514002855238,31.9669095736311
2008,-119,"own_ideology",207,54.3478260869566,1.88232540397546,50.6367337059366,58.0589184679765
2008,-119,"other_ideology",207,52.2946859903381,2.57746647519669,47.2130905455574,57.3762814351189
2008,-119,"own_distance",206,24.757281553398,1.56732156872132,21.6671448640343,27.8474182427617
2008,-119,"other_distance",204,51.593137254902,2.13552030694204,47.3824916144279,55.803782895376
2008,-112,"own_fav",238,73.1932773109244,1.41020330260329,70.4151429452455,75.9714116766032
2008,-112,"other_fav",238,39.7058823529412,1.67513403359424,36.4058280861164,43.005936619766
2008,-112,"gap_fav",238,33.4873949579831,2.43121688765413,28.6978393148059,38.2769506011604
2008,-112,"own_trait",235,74.7765957446809,1.41192082669784,71.9948947848659,77.5582967044959
2008,-112,"other_trait",235,44.5070921985815,1.66694996296123,41.2229446569821,47.791239740181
2008,-112,"gap_trait",235,30.2695035460993,2.34902967184783,25.6415541814772,34.8974529107214
2008,-112,"own_ideology",227,47.0264317180617,1.7858631713998,43.5073593316087,50.5455041045146
2008,-112,"other_ideology",218,54.8165137614679,2.48634991871346,49.9160267238638,59.717000799072
2008,-112,"own_distance",225,20.1111111111111,1.58816444801317,16.9814568418232,23.2407653803989
2008,-112,"other_distance",217,49.6543778801843,2.19994471499632,45.3182704089298,53.9904853514388
2008,-105,"own_fav",233,70.0000000000001,1.59082019552173,66.8656993378268,73.1343006621733
2008,-105,"other_fav",233,39.6137339055794,1.72507963136846,36.2149096725701,43.0125581385887
2008,-105,"gap_fav",233,30.3862660944206,2.49412969237118,25.4722271801854,35.3003050086558
2008,-105,"own_trait",231,71.2373737373737,1.59771617049415,68.0893428019737,74.3854046727737
2008,-105,"other_trait",231,45.1515151515151,1.73572486563496,41.731561299091,48.5714690039393
2008,-105,"gap_trait",231,26.0858585858586,2.64133199737869,20.8815582276552,31.2901589440619
2008,-105,"own_ideology",218,50.6880733944955,1.89511021136079,46.9528939832202,54.4232528057708
2008,-105,"other_ideology",213,52.5821596244132,2.4893688929743,47.6750733120751,57.4892459367513
2008,-105,"own_distance",218,25,1.62553712556895,21.7961373606187,28.2038626393813
2008,-105,"other_distance",213,49.2957746478874,2.17514388313284,45.0080940207167,53.583455275058
2008,-98,"own_fav",520,72.0384615384616,1.01134668090201,70.0516251379707,74.0252979389524
2008,-98,"other_fav",520,36.4807692307693,1.15216238739797,34.2172939914805,38.7442444700582
2008,-98,"gap_fav",520,35.5576923076924,1.71484925823664,32.1887932032029,38.9265914121819
2008,-98,"own_trait",513,74.2998700454842,0.957936430773694,72.4179003620106,76.1818397289578
2008,-98,"other_trait",513,43.8921377517869,1.15962870748416,41.6139217851928,46.1703537183811
2008,-98,"gap_trait",513,30.4077322936972,1.67145233744308,27.1239834713475,33.6914811160469
2008,-98,"own_ideology",490,48.7755102040818,1.2908575448626,46.2391983428976,51.3118220652661
2008,-98,"other_ideology",489,55.5214723926382,1.66317482346119,52.2536048453364,58.7893399399399
2008,-98,"own_distance",483,22.360248447205,0.996133769850565,20.4029473137192,24.3175495806907
2008,-98,"other_distance",482,53.2676348547719,1.43208690412184,50.4537156054487,56.0815541040951
2008,-91,"own_fav",936,71.6452991452993,0.744025857768714,70.1851451222005,73.1054531683981
2008,-91,"other_fav",936,38.354700854701,0.838743060216633,36.7086639045951,40.0007378048068
2008,-91,"gap_fav",936,33.2905982905984,1.25348135220497,30.8306356156582,35.7505609655386
2008,-91,"own_trait",930,72.88082437276,0.709819692352987,71.4877884387014,74.2738603068185
2008,-91,"other_trait",930,45.3781362007169,0.82988593646464,43.7494677612251,47.0068046402087
2008,-91,"gap_trait",930,27.5026881720431,1.19094295357072,25.1654378145075,29.8399385295787
2008,-91,"own_ideology",893,50.2519596864506,0.916659821387051,48.4528983414919,52.0510210314093
2008,-91,"other_ideology",881,52.8376844494894,1.22605314367225,50.4313548230857,55.2440140758932
2008,-91,"own_distance",881,19.8921679909194,0.712218455543663,18.4943228984033,21.2900130834355
2008,-91,"other_distance",871,50.1148105625719,1.02345799848011,48.1060752127827,52.1235459123612
2008,-84,"own_fav",929,71.6576964477929,0.76811538078849,70.1502518916482,73.1651410039377
2008,-84,"other_fav",929,37.3304628632938,0.858083631759616,35.6464534920908,39.0144722344968
2008,-84,"gap_fav",929,34.3272335844994,1.24988609823577,31.8743026294489,36.7801645395499
2008,-84,"own_trait",922,73.825018076645,0.72784729498718,72.3965864109495,75.2534497423405
2008,-84,"other_trait",922,45.1174981923355,0.867521184741689,43.4149505020696,46.8200458826014
2008,-84,"gap_trait",922,28.7075198843095,1.22085858404963,26.311532329223,31.103507439396
2008,-84,"own_ideology",900,50.9722222222228,0.893559195319578,49.2185173435042,52.7259271009414
2008,-84,"other_ideology",891,53.5072951739618,1.22548069196092,51.1021262966994,55.9124640512241
2008,-84,"own_distance",893,21.6125419932811,0.729693175817983,20.1804264410713,23.0446575454909
2008,-84,"other_distance",885,51.2994350282487,1.02207131071732,49.2934655797316,53.3054044767658
2008,-77,"own_fav",1122,73.475935828877,0.690013459517162,72.1220725350345,74.8297991227194
2008,-77,"other_fav",1122,37.415329768271,0.77462092132656,35.895459659128,38.9351998774139
2008,-77,"gap_fav",1122,36.0606060606061,1.15805983972017,33.7883971820035,38.3328149392088
2008,-77,"own_trait",1114,75.4540694195093,0.63572823274022,74.2067085254062,76.7014303136123
2008,-77,"other_trait",1114,45.4735188509875,0.78373777292831,43.9357487806409,47.011288921334
2008,-77,"gap_trait",1114,29.9805505685218,1.12147623742065,27.7801046386711,32.1809964983726
2008,-77,"own_ideology",1091,48.5105407882681,0.841431410599197,46.8595322397927,50.1615493367435
2008,-77,"other_ideology",1058,54.040642722117,1.12569338344608,51.8317949438696,56.2494905003644
2008,-77,"own_distance",1080,21.3657407407409,0.682372489683603,20.0268133285732,22.7046681529087
2008,-77,"other_distance",1051,53.2112274024738,0.972429087130376,51.3031019077188,55.1193528972288
2008,-70,"own_fav",1144,75.9527972027966,0.668047234241632,74.6420607220292,77.263533683564
2008,-70,"other_fav",1144,36.9405594405593,0.79877212588981,35.3733352810094,38.5077836001091
2008,-70,"gap_fav",1144,39.0122377622376,1.18003004834125,36.6969696891372,41.3275058353379
2008,-70,"own_trait",1138,76.9625073227886,0.628840639604865,75.7286889109552,78.196325734622
2008,-70,"other_trait",1138,44.5057117750439,0.798467872336098,42.9390758102234,46.0723477398644
2008,-70,"gap_trait",1138,32.4567955477446,1.14925288821891,30.2019009305198,34.7116901649694
2008,-70,"own_ideology",1110,49.752252252252,0.861234961739517,48.0624184919692,51.4420860125348
2008,-70,"other_ideology",1085,52.4193548387091,1.15371989454648,50.155577774403,54.6831319030152
2008,-70,"own_distance",1105,22.4434389140271,0.693760966107018,21.0822000475983,23.8046777804559
2008,-70,"other_distance",1075,52.930232558139,0.958526654145902,51.049435278795,54.8110298374829
2008,-63,"own_fav",1226,78.1321370309957,0.611517663507947,76.9323990502933,79.331875011698
2008,-63,"other_fav",1226,35.6035889070151,0.762420691562343,34.1077939111788,37.0993839028514
2008,-63,"gap_fav",1226,42.5285481239809,1.10167030685391,40.3671784886989,44.6899177592628
2008,-63,"own_trait",1223,79.3513218860726,0.573863738811034,78.2254544975778,80.4771892745675
2008,-63,"other_trait",1223,43.5765876260562,0.753401973513242,42.0984828861337,45.0546923659787
2008,-63,"gap_trait",1223,35.7747342600163,1.06206774888388,33.6910559197226,37.8584126003101
2008,-63,"own_ideology",1194,47.8224455611387,0.851105602087889,46.1526151279883,49.4922759942892
2008,-63,"other_ideology",1175,54.6382978723399,1.13465801955424,52.4121139199298,56.86448182475
2008,-63,"own_distance",1188,20.9385521885523,0.643964792751378,19.6751161047464,22.2019882723582
2008,-63,"other_distance",1168,55.907534246576,0.914720712667612,54.1128532573432,57.7022152358088
2008,-56,"own_fav",1133,78.4289496910854,0.616588261372149,77.2191653956043,79.6387339865666
2008,-56,"other_fav",1133,33.7069726390115,0.772024167991478,32.1922134833806,35.2217317946424
2008,-56,"gap_fav",1133,44.7219770520741,1.14492320033894,42.4755669368058,46.9683871673424
2008,-56,"own_trait",1127,79.489056492162,0.610012379083729,78.2921676580568,80.6859453262673
2008,-56,"other_trait",1127,41.799023957409,0.785901509273204,40.2570278055137,43.3410201093042
2008,-56,"gap_trait",1127,37.690032534753,1.143192925764,35.4470045323864,39.9330605371195
2008,-56,"own_ideology",1090,48.7155963302756,0.91357518561382,46.9230295663392,50.508163094212
2008,-56,"other_ideology",1064,54.6052631578938,1.19121779091986,52.2678578001682,56.9426685156194
2008,-56,"own_distance",1075,19.8139534883719,0.615023319767225,18.6071699507957,21.0207370259481
2008,-56,"other_distance",1050,55.5952380952385,0.968313159406219,53.6951868900123,57.4952893004646
2008,-49,"own_fav",1055,76.2938388625596,0.716596870560046,74.8877201153034,77.6999576098157
2008,-49,"other_fav",1055,34.7393364928911,0.855854411396044,33.0599641955416,36.4187087902406
2008,-49,"gap_fav",1055,41.5545023696683,1.33090808359617,38.9429715577115,44.1660331816251
2008,-49,"own_trait",1051,77.4841420869013,0.663180904260624,76.1828313714962,78.7854528023064
2008,-49,"other_trait",1051,41.4208690136378,0.822256806059827,39.8074154511693,43.0343225761064
2008,-49,"gap_trait",1051,36.0632730732636,1.23633341735817,33.6373076790771,38.48923846745
2008,-49,"own_ideology",1009,49.207135777998,0.930502115728668,47.3811926721653,51.0330788838306
2008,-49,"other_ideology",997,52.5325977933803,1.23026701425878,50.1183850024715,54.9468105842891
2008,-49,"own_distance",992,21.1693548387096,0.709911849727514,19.7762517408554,22.5624579365638
2008,-49,"other_distance",984,54.5477642276429,0.995727207981123,52.5937688646389,56.5017595906469
2008,-42,"own_fav",1086,75.7090239410685,0.703526538338375,74.3285973675031,77.0894505146339
2008,-42,"other_fav",1086,36.8047882136282,0.825424418383068,35.1851793722944,38.4243970549619
2008,-42,"gap_fav",1086,38.9042357274402,1.26621872497331,36.4197210991398,41.3887503557407
2008,-42,"own_trait",1081,77.6896392229417,0.642086981021682,76.4297599356359,78.9495185102475
2008,-42,"other_trait",1081,42.6271970397781,0.792817326554335,41.0715602524482,44.1828338271081
2008,-42,"gap_trait",1081,35.0624421831638,1.15841621775825,32.7894407955473,37.3354435707802
2008,-42,"own_ideology",1051,46.836346336822,0.906885871603947,45.0568314340469,48.6158612395972
2008,-42,"other_ideology",1031,54.2919495635306,1.18815241473988,51.9604739345962,56.623425192465
2008,-42,"own_distance",1035,21.135265700483,0.705086065531767,19.7517028879155,22.5188285130506
2008,-42,"other_distance",1014,54.4132149901379,0.971579617528756,52.5066759850879,56.3197539951878
2008,-35,"own_fav",1026,76.0623781676424,0.732774263231933,74.6244690917922,77.5002872434927
2008,-35,"other_fav",1026,34.385964912281,0.830447525243747,32.7563934419366,36.0155363826254
2008,-35,"gap_fav",1026,41.676413255361,1.29861977543956,39.1281562342322,44.2246702764897
2008,-35,"own_trait",1022,76.8754076973249,0.677713050699112,75.5455380380158,78.2052773566339
2008,-35,"other_trait",1022,42.6622635355508,0.807711837600344,41.0772985342403,44.2472285368613
2008,-35,"gap_trait",1022,34.2131441617741,1.21740604993976,31.8242402337709,36.6020480897774
2008,-35,"own_ideology",985,49.1624365482231,0.950784290003822,47.2966386153186,51.0282344811276
2008,-35,"other_ideology",984,51.3465447154474,1.22966585745722,48.9334727774139,53.759616653481
2008,-35,"own_distance",971,21.9876416065913,0.730829507355056,20.5534525527557,23.421830660427
2008,-35,"other_distance",970,52.6288659793818,1.03637131702041,50.5950751979011,54.6626567608626
2008,-28,"own_fav",869,76.9620253164559,0.725461591679217,75.5381612947264,78.3858893381853
2008,-28,"other_fav",869,34.5684695051785,0.912425339574455,32.7776515922313,36.3592874181257
2008,-28,"gap_fav",869,42.3935558112775,1.33673839865013,39.769938332237,45.0171732903179
2008,-28,"own_trait",868,78.7432795698921,0.682828288086616,77.4030898074,80.0834693323842
2008,-28,"other_trait",868,41.3988095238095,0.902158770872192,39.6281389614441,43.1694800861749
2008,-28,"gap_trait",868,37.3444700460829,1.28448471920573,34.8234068435305,39.8655332486353
2008,-28,"own_ideology",843,47.8054567022541,0.981251635846925,45.8794703233317,49.7314430811764
2008,-28,"other_ideology",825,56.3333333333341,1.33622626730744,53.7105254581665,58.9561412085017
2008,-28,"own_distance",834,20.2038369304555,0.751231350446855,18.7293080752647,21.6783657856464
2008,-28,"other_distance",815,54.9693251533741,1.09288424548365,52.8241216981315,57.1145286086168
2008,-21,"own_fav",1034,78.0077369439076,0.67530011528685,76.6826204333836,79.3328534544316
2008,-21,"other_fav",1034,34.0038684719536,0.82988422671359,32.3754172607843,35.6323196831228
2008,-21,"gap_fav",1034,44.0038684719536,1.21747695684881,41.6148583412244,46.3928786026828
2008,-21,"own_trait",1032,79.439599483204,0.627088109878968,78.2090848127397,80.6701141536682
2008,-21,"other_trait",1032,42.0841408268733,0.818214876665674,40.4785842974671,43.6896973562795
2008,-21,"gap_trait",1032,37.3554586563307,1.15540497843987,35.0882449204937,39.6226723921676
2008,-21,"own_ideology",993,47.5075528700912,0.921766463900631,45.6987168378778,49.3163889023045
2008,-21,"other_ideology",972,53.9866255144033,1.23205861737589,51.5688212365397,56.404429792267
2008,-21,"own_distance",983,20.0915564598167,0.700141924259504,18.7176100818255,21.4655028378079
2008,-21,"other_distance",961,54.1623309053067,1.00448324952296,52.1910946394329,56.1335671711805
2008,-14,"own_fav",1074,77.8957169459968,0.689487790552527,76.5428196441854,79.2486142478082
2008,-14,"other_fav",1074,34.171322160149,0.852396739164943,32.4987686149079,35.8438757053901
2008,-14,"gap_fav",1074,43.7243947858473,1.28298179433659,41.2069570130332,46.2418325586615
2008,-14,"own_trait",1073,79.3981050015532,0.620068710654754,78.1814189619059,80.6147910412005
2008,-14,"other_trait",1073,41.4561975768872,0.815857030011548,39.8553397337056,43.0570554200688
2008,-14,"gap_trait",1073,37.941907424666,1.18359071568954,35.6194901252751,40.264324724057
2008,-14,"own_ideology",1057,47.4692526017025,0.900492477993828,45.7022945669033,49.2362106365017
2008,-14,"other_ideology",1027,56.0856864654336,1.20528066626489,53.7205897378123,58.4507831930548
2008,-14,"own_distance",1036,20.9942084942086,0.691095945637018,19.638099482267,22.3503175061503
2008,-14,"other_distance",1011,54.8219584569733,1.01567271556206,52.8288881064113,56.8150288075353
2008,-7,"own_fav",1044,79.837164750958,0.696656539451962,78.4701566911997,81.2041728107164
2008,-7,"other_fav",1044,32.4904214559386,0.853127724412328,30.8163792138427,34.1644636980345
2008,-7,"gap_fav",1044,47.3467432950192,1.28783586353353,44.8196988973866,49.8737876926517
2008,-7,"own_trait",1041,80.9269932756962,0.619220286396818,79.7119297384945,82.1420568128979
2008,-7,"other_trait",1041,40.2953890489912,0.853470083990254,38.6206694024768,41.9701086955056
2008,-7,"gap_trait",1041,40.631604226705,1.21471748715864,38.2480277207798,43.0151807326303
2008,-7,"own_ideology",1011,47.8239366963404,0.938936654749975,45.9814467101814,49.6664266824994
2008,-7,"other_ideology",997,56.5195586760285,1.22602068421049,54.1136786650757,58.9254386869813
2008,-7,"own_distance",997,20.3861584754265,0.682481654016387,19.0468915361437,21.7254254147093
2008,-7,"other_distance",984,55.9197154471551,1.00006236806082,53.9572128518231,57.8822180424871
