"year","week","party","outcome","n","estimate","se","lower","upper"
2000,-315,"Republican","own_ideology",6,33.3333333333333,5.2704627669473,19.7851774792211,46.8814891874456
2000,-315,"Republican","other_ideology",6,79.1666666666667,7.68295371441074,59.4170054043679,98.9163279289654
2000,-315,"Republican","own_distance",6,25,9.12870929175277,1.53390571181589,48.4660942881841
2000,-315,"Republican","other_distance",6,70.8333333333333,11.9315175527303,40.162391040709,101.504275625958
2000,-315,"Democrat","own_ideology",5,55,12.2474487139159,20.9956309670872,89.0043690329128
2000,-315,"Democrat","other_ideology",4,25,10.2062072615966,-7.48070659062777,57.4807065906278
2000,-315,"Democrat","own_distance",5,15,6.12372435695795,-2.00218451645639,32.0021845164564
2000,-315,"Democrat","other_distance",4,37.5,12.5,-2.28057881604634,77.2805788160463
2000,-308,"Republican","own_ideology",52,33.1730769230769,2.97053417222569,27.209480729748,39.1366731164058
2000,-308,"Republican","other_ideology",50,70.5,3.62037882784977,63.2245763585261,77.7754236414739
2000,-308,"Republican","own_distance",51,19.1176470588235,3.17683367569013,12.7367888318876,25.4985052857595
2000,-308,"Republican","other_distance",49,40.8163265306122,4.29400720168456,32.1826464014165,49.450006659808
2000,-308,"Democrat","own_ideology",49,54.0816326530612,3.20658293111646,47.6343655585539,60.5288997475686
2000,-308,"Democrat","other_ideology",47,31.9148936170213,2.81462905432403,26.2493391809817,37.5804480530609
2000,-308,"Democrat","own_distance",48,15.625,2.64485064400204,10.3042468066968,20.9457531933032
2000,-308,"Democrat","other_distance",46,29.3478260869565,3.23256638017326,22.8371031858673,35.8585489880458
2000,-301,"Republican","own_ideology",37,31.0810810810811,2.45175011904023,26.1087013727525,36.0534607894097
2000,-301,"Republican","other_ideology",36,78.4722222222222,3.7470593996654,70.8652872273365,86.0791572171079
2000,-301,"Republican","own_distance",37,16.2162162162162,2.77676306440044,10.5846797031616,21.8477527292708
2000,-301,"Republican","other_distance",36,52.0833333333333,4.030513575531,43.9009557687272,60.2657108979395
2000,-301,"Democrat","own_ideology",52,50,3.07031719243172,43.8360810347524,56.1639189652476
2000,-301,"Democrat","other_ideology",48,33.3333333333333,2.50590319594017,28.2921063505756,38.3745603160911
2000,-301,"Democrat","own_distance",50,20,2.94507544686976,14.0816493104932,25.9183506895068
2000,-301,"Democrat","other_distance",48,30.2083333333333,3.24104854724196,23.6881846638817,36.728482002785
2000,-294,"Republican","own_ideology",43,33.7209302325581,2.47966828359613,28.7167570403735,38.7251034247427
2000,-294,"Republican","other_ideology",41,71.9512195121951,3.40318201521361,65.073132092514,78.8293069318762
2000,-294,"Republican","own_distance",42,17.8571428571429,2.73247162741431,12.338804455011,23.3754812592747
2000,-294,"Republican","other_distance",41,39.6341463414634,4.61766968174517,30.3014877871248,48.966804895802
2000,-294,"Democrat","own_ideology",44,51.7045454545454,3.18950106867464,45.2723035299205,58.1367873791704
2000,-294,"Democrat","other_ideology",44,35.2272727272727,2.96631255710367,29.2451333328902,41.2094121216552
2000,-294,"Democrat","own_distance",44,18.75,3.05484140756439,12.5893251634867,24.9106748365133
2000,-294,"Democrat","other_distance",44,30.6818181818182,2.91525344893641,24.8026492925761,36.5609870710603
2000,-287,"Republican","own_ideology",55,38.6363636363636,2.49732026567194,33.6295379597456,43.6431893129816
2000,-287,"Republican","other_ideology",54,66.2037037037037,3.56857348562599,59.0460517259118,73.3613556814955
2000,-287,"Republican","own_distance",55,17.7272727272727,2.39885698728039,12.9178540381491,22.5366914163964
2000,-287,"Republican","other_distance",54,42.1296296296296,4.06447395058278,33.9773272801744,50.2819319790848
2000,-287,"Democrat","own_ideology",67,49.6268656716418,3.16748204082068,43.3027837312688,55.9509476120148
2000,-287,"Democrat","other_ideology",70,35.3571428571429,3.1149832067904,29.1429213906203,41.5713643236654
2000,-287,"Democrat","own_distance",65,20,3.11054348454266,13.7859750398845,26.2140249601156
2000,-287,"Democrat","other_distance",69,37.3188405797102,3.36976000683664,30.5945891796928,44.0430919797275
2000,-280,"Republican","own_ideology",78,34.6153846153846,2.29154076928885,30.0523439863265,39.1784252444427
2000,-280,"Republican","other_ideology",79,67.4050632911392,3.13193179207212,61.1698660631743,73.6402605191042
2000,-280,"Republican","own_distance",77,17.2077922077922,2.02828071184647,13.168121069337,21.2474633462474
2000,-280,"Republican","other_distance",78,42.9487179487179,3.1573190866331,36.6616924398161,49.2357434576197
2000,-280,"Democrat","own_ideology",64,52.34375,3.41958489993988,45.5102548558584,59.1772451441416
2000,-280,"Democrat","other_ideology",56,36.1607142857143,3.04988575320563,30.0486066523747,42.2728219190539
2000,-280,"Democrat","own_distance",63,18.6507936507937,2.39795939983049,13.8573411115301,23.4442461900572
2000,-280,"Democrat","other_distance",55,30,2.78282369978907,24.420774401614,35.579225598386
2000,-273,"Republican","own_ideology",63,35.3174603174603,2.0108290287618,31.2978703633416,39.337050271579
2000,-273,"Republican","other_ideology",61,70.0819672131148,3.13732118180404,63.806390486193,76.3575439400366
2000,-273,"Republican","own_distance",62,16.1290322580645,2.30655423142633,11.5167920168345,20.7412724992945
2000,-273,"Republican","other_distance",60,43.75,3.64495045807318,36.4564709800349,51.0435290199652
2000,-273,"Democrat","own_ideology",54,52.3148148148148,3.5753664616068,45.1435378526531,59.4860917769764
2000,-273,"Democrat","other_ideology",46,35.3260869565217,3.77316412124126,27.7265443131261,42.9256295999174
2000,-273,"Democrat","own_distance",54,31.0185185185185,3.67575495943778,23.6458877288564,38.3911493081806
2000,-273,"Democrat","other_distance",46,34.7826086956522,4.49625856738799,25.7266790777915,43.8385383135129
2000,-266,"Republican","own_ideology",54,31.9444444444444,2.67770470598039,26.5736489537805,37.3152399351084
2000,-266,"Republican","other_ideology",56,66.5178571428572,3.83701986898082,58.8282974910493,74.207416794665
2000,-266,"Republican","own_distance",54,18.9814814814815,2.87577543891745,13.2134064114393,24.7495565515237
2000,-266,"Republican","other_distance",56,44.6428571428571,3.96383231290424,36.6991596743485,52.5865546113658
2000,-266,"Democrat","own_ideology",52,53.3653846153846,3.50264162821172,46.3335381293541,60.3972311014151
2000,-266,"Democrat","other_ideology",54,37.037037037037,3.35297806268741,30.3118147154131,43.762259358661
2000,-266,"Democrat","own_distance",52,22.1153846153846,3.26767774309145,15.5552478117319,28.6755214190373
2000,-266,"Democrat","other_distance",54,34.7222222222222,3.1980314379371,28.3077834726792,41.1366609717652
2000,-259,"Republican","own_ideology",62,33.8709677419355,2.57725517691637,28.7174275056232,39.0245079782477
2000,-259,"Republican","other_ideology",60,66.25,3.45598841609797,59.3345831526613,73.1654168473386
2000,-259,"Republican","own_distance",61,18.4426229508197,2.33042651765464,13.7810758631908,23.1041700384485
2000,-259,"Republican","other_distance",59,36.864406779661,3.54254905196454,29.7732244039014,43.9555891554206
2000,-259,"Democrat","own_ideology",49,53.5714285714286,3.57142857142857,46.390590151342,60.7522669915151
2000,-259,"Democrat","other_ideology",45,28.8888888888889,3.45931946104401,21.9170886174585,35.8606891603193
2000,-259,"Democrat","own_distance",48,22.3958333333333,3.26500078515589,15.8274989764757,28.9641676901909
2000,-259,"Democrat","other_distance",44,28.4090909090909,3.94790577687255,20.4473801255856,36.3708016925962
2000,-252,"Republican","own_ideology",53,33.0188679245283,2.58856065687825,27.8245409526952,38.2131948963614
2000,-252,"Republican","other_ideology",54,72.6851851851852,3.5753664616068,65.5139082230235,79.8564621473468
2000,-252,"Republican","own_distance",53,18.3962264150943,2.86922760863124,12.6387000012397,24.153752828949
2000,-252,"Republican","other_distance",54,49.537037037037,3.70861397076873,42.0984994169877,56.9755746570863
2000,-252,"Democrat","own_ideology",60,55,2.83740153267512,49.3223726473365,60.6776273526635
2000,-252,"Democrat","other_ideology",59,30.5084745762712,3.02602899514527,24.4512194291584,36.5657297233839
2000,-252,"Democrat","own_distance",60,19.5833333333333,2.52750872929211,14.5258000479421,24.6408666187246
2000,-252,"Democrat","other_distance",59,29.6610169491525,3.16796595332233,23.3196441112104,36.0023897870947
2000,-245,"Republican","own_ideology",63,30.1587301587301,2.4106359255163,25.3399376056857,34.9775227117746
2000,-245,"Republican","other_ideology",64,70.3125,3.33496054032961,63.6481131445525,76.9768868554475
2000,-245,"Republican","own_distance",62,15.7258064516129,2.38663311774771,10.9534385806346,20.4981743225912
2000,-245,"Republican","other_distance",63,41.6666666666667,3.24971935453764,35.1705702385938,48.1627630947395
2000,-245,"Democrat","own_ideology",65,50.7692307692307,3.00086279506293,44.7743181749949,56.7641433634666
2000,-245,"Democrat","other_ideology",59,37.2881355932203,3.27558051814245,30.7313487993291,43.8449223871116
2000,-245,"Democrat","own_distance",62,20.1612903225806,2.49528307507224,15.1716634344275,25.1509172107338
2000,-245,"Democrat","other_distance",56,30.8035714285714,3.43013948855527,23.9294182805782,37.6777245765647
2000,-238,"Republican","own_ideology",88,30.6818181818182,2.00928782894769,26.6881410529056,34.6754953107307
2000,-238,"Republican","other_ideology",85,71.764705882353,3.06866548512777,65.6623280339132,77.8670837307927
2000,-238,"Republican","own_distance",86,15.1162790697674,1.86217431748133,11.413777636191,18.8187805033439
2000,-238,"Republican","other_distance",84,48.8095238095238,3.16592570023945,42.5126249247247,55.106422694323
2000,-238,"Democrat","own_ideology",76,54.2763157894737,3.01269819522508,48.2747132254071,60.2779183535402
2000,-238,"Democrat","other_ideology",74,37.8378378378379,3.19964056588284,31.4609633861528,44.214712289523
2000,-238,"Democrat","own_distance",74,24.6621621621622,2.90592196401596,18.8706680398182,30.4536562845062
2000,-238,"Democrat","other_distance",73,33.9041095890411,3.24841398975621,27.4285146510273,40.3797045270548
2000,-231,"Republican","own_ideology",68,33.4558823529412,2.13477353452107,29.194856544085,37.7169081617973
2000,-231,"Republican","other_ideology",68,69.1176470588235,3.23389705649043,62.6627615180108,75.5725325996362
2000,-231,"Republican","own_distance",68,15.4411764705882,1.9619271618226,11.5251534656012,19.3571994755753
2000,-231,"Republican","other_distance",68,45.5882352941176,3.39221564685736,38.817344524335,52.3591260639002
2000,-231,"Democrat","own_ideology",70,52.1428571428571,2.91098339265851,46.3356041702197,57.9501101154945
2000,-231,"Democrat","other_ideology",72,38.5416666666666,3.52921727990268,31.5046072777185,45.5787260556148
2000,-231,"Democrat","own_distance",70,21.4285714285714,2.60820265478651,16.2253495007346,26.6317933564083
2000,-231,"Democrat","other_distance",70,37.1428571428571,3.62383904243846,29.9134960600579,44.3722182256564
2000,-224,"Republican","own_ideology",55,33.6363636363636,2.44623859359845,28.7319505460918,38.5407767266354
2000,-224,"Republican","other_ideology",55,66.8181818181818,3.67300562334883,59.4542489185315,74.1821147178322
2000,-224,"Republican","own_distance",53,15.0943396226415,2.16554765041753,10.7488503487223,19.4398288965607
2000,-224,"Republican","other_distance",52,44.2307692307692,4.37535737688093,35.4468727716114,53.014665689927
2000,-224,"Democrat","own_ideology",53,54.2452830188679,2.58525259078951,49.0575941672827,59.4329718704531
2000,-224,"Democrat","other_ideology",52,31.25,4.11210505629012,22.9946046271583,39.5053953728417
2000,-224,"Democrat","own_distance",52,19.2307692307692,3.04065159631575,13.1264064348208,25.3351320267177
2000,-224,"Democrat","other_distance",51,44.1176470588235,3.67745084970805,36.7312696453397,51.5040244723073
2000,-217,"Republican","own_ideology",108,32.1759259259259,1.77268361053434,28.6617874158196,35.6900644360322
2000,-217,"Republican","other_ideology",105,72.8571428571428,2.14285714285714,68.6077767289634,77.1065089853222
2000,-217,"Republican","own_distance",108,14.8148148148148,1.91878852922726,11.0110403435908,18.6185892860388
2000,-217,"Republican","other_distance",105,45.7142857142857,2.69515622651001,40.3696897773801,51.0588816511913
2000,-217,"Democrat","own_ideology",125,51,2.11370336979527,46.8163889477636,55.1836110522364
2000,-217,"Democrat","other_ideology",127,36.4173228346457,2.16051999233531,32.1417172848011,40.6929283844903
2000,-217,"Democrat","own_distance",123,20.9349593495935,2.06868400927764,16.8397927362002,25.0301259629867
2000,-217,"Democrat","other_distance",125,33.2,2.3031535183379,28.6414140356653,37.7585859643347
2000,-210,"Republican","own_ideology",104,33.8942307692308,1.5245635199276,30.8706186037288,36.9178429347328
2000,-210,"Republican","other_ideology",102,69.3627450980392,2.55750365204898,64.2893458132974,74.4361443827809
2000,-210,"Republican","own_distance",101,12.8712871287129,1.47645973188186,9.94203307241234,15.8005411850134
2000,-210,"Republican","other_distance",99,44.6969696969697,2.59514692819952,39.5469850782901,49.8469543156493
2000,-210,"Democrat","own_ideology",122,48.5655737704918,2.12443120067975,44.3597018634503,52.7714456775334
2000,-210,"Democrat","other_ideology",119,33.4033613445378,2.31642080483431,28.8162175070858,37.9905051819897
2000,-210,"Democrat","own_distance",118,19.0677966101695,1.84699107777147,15.4099275654073,22.7256656549317
2000,-210,"Democrat","other_distance",115,32.391304347826,2.18285726762595,28.0670809130784,36.7155277825737
2000,-203,"Republican","own_ideology",85,38.5294117647059,1.98704404669342,34.5779567647448,42.480866764667
2000,-203,"Republican","other_ideology",85,68.5294117647059,2.84253350104518,62.8767221658252,74.1821013635867
2000,-203,"Republican","own_distance",83,17.1686746987952,1.91310030323416,13.3629087639079,20.9744406336825
2000,-203,"Republican","other_distance",82,46.3414634146341,3.3356459688594,39.7045742505004,52.9783525787678
2000,-203,"Democrat","own_ideology",116,49.9999999999999,2.4488775998915,45.1492447828944,54.8507552171055
2000,-203,"Democrat","other_ideology",113,40.2654867256638,2.54218571963364,35.2284715926006,45.3025018587269
2000,-203,"Democrat","own_distance",115,23.2608695652174,1.92145885003044,19.4544743824295,27.0672647480052
2000,-203,"Democrat","other_distance",112,33.0357142857143,2.29128533991668,28.4953794251623,37.5760491462662
2000,-196,"Republican","own_ideology",99,34.5959595959596,1.74768564412544,31.127734314481,38.0641848774382
2000,-196,"Republican","other_ideology",99,65.6565656565657,2.67612583367576,60.3458810354667,70.9672502776646
2000,-196,"Republican","own_distance",99,17.4242424242424,2.10691800150777,13.2431322209322,21.6053526275526
2000,-196,"Republican","other_distance",99,39.8989898989899,2.89208414126699,34.1597430449455,45.6382367530343
2000,-196,"Democrat","own_ideology",131,52.2900763358779,1.98072000496395,48.3714586893803,56.2086939823755
2000,-196,"Democrat","other_ideology",131,33.3969465648855,2.1437390406702,29.1558152524318,37.6380778773392
2000,-196,"Democrat","own_distance",129,21.3178294573643,1.90823213113449,17.5420661647646,25.0935927499641
2000,-196,"Democrat","other_distance",129,36.4341085271318,2.16659711132132,32.1471259796174,40.7210910746461
2000,-189,"Republican","own_ideology",94,35.3723404255319,1.94325729717593,31.5134165590592,39.2312642920046
2000,-189,"Republican","other_ideology",95,65.2631578947369,2.62681539747915,60.0475543455859,70.4787614438879
2000,-189,"Republican","own_distance",94,19.4148936170213,1.97046422327264,15.5019421873429,23.3278450466996
2000,-189,"Republican","other_distance",95,41.5789473684211,2.76482379259762,36.089324915588,47.0685698212542
2000,-189,"Democrat","own_ideology",94,50.7978723404255,2.31413053528701,46.2024677248195,55.3932769560316
2000,-189,"Democrat","other_ideology",95,34.2105263157895,2.45487356016175,29.3363173152698,39.0847353163092
2000,-189,"Democrat","own_distance",93,17.2043010752688,2.12740302979681,12.979095027149,21.4295071233886
2000,-189,"Democrat","other_distance",94,35.1063829787234,2.40107255475592,30.3383287431131,39.8744372143336
2000,-182,"Republican","own_ideology",92,33.695652173913,1.70345333255584,30.3119513905058,37.0793529573202
2000,-182,"Republican","other_ideology",93,68.2795698924731,2.56802567456342,63.1792492386435,73.3798905463027
2000,-182,"Republican","own_distance",92,14.1304347826087,1.69772742280001,10.7581078155288,17.5027617496886
2000,-182,"Republican","other_distance",93,42.741935483871,2.90039990253502,36.9814909237598,48.5023800439822
2000,-182,"Democrat","own_ideology",110,54.3181818181818,2.06390529270233,50.2275886261507,58.4087750102128
2000,-182,"Democrat","other_ideology",111,35.3603603603604,2.08511721665072,31.2281474512255,39.4925732694953
2000,-182,"Democrat","own_distance",109,22.0183486238532,1.97473773840223,18.1040758423052,25.9326214054012
2000,-182,"Democrat","other_distance",110,34.0909090909091,2.59770044759536,28.9423512557012,39.239466926117
2000,-175,"Republican","own_ideology",100,33.25,1.70616085070689,29.8646067178943,36.6353932821057
2000,-175,"Republican","other_ideology",101,67.0792079207921,2.60736516480469,61.9062696954291,72.252146146155
2000,-175,"Republican","own_distance",100,15.75,1.57533866809392,12.6241863102785,18.8758136897215
2000,-175,"Republican","other_distance",100,42.25,2.9876640312519,36.321826383545,48.178173616455
2000,-175,"Democrat","own_ideology",90,57.7777777777779,1.96109333933586,53.8811270847739,61.6744284707819
2000,-175,"Democrat","other_ideology",90,32.7777777777778,2.54927850936232,27.7124156805658,37.8431398749899
2000,-175,"Democrat","own_distance",87,19.8275862068966,2.12928856504959,15.5947006334809,24.0604717803122
2000,-175,"Democrat","other_distance",87,35.9195402298851,2.57541781117413,30.7997790676948,41.0393013920754
2000,-168,"Republican","own_ideology",81,34.5679012345679,2.22082860965413,30.1483114536199,38.987491015516
2000,-168,"Republican","other_ideology",81,68.8271604938271,2.93088018862581,62.9945230383636,74.6597979492907
2000,-168,"Republican","own_distance",80,15.9375,2.18975923117276,11.5788932779588,20.2961067220412
2000,-168,"Republican","other_distance",80,45.625,3.20004820968432,39.2554633682873,51.9945366317127
2000,-168,"Democrat","own_ideology",78,52.8846153846154,2.57992330354181,47.7473317666728,58.0218990025579
2000,-168,"Democrat","other_ideology",79,34.8101265822785,2.71800683682008,29.3989906381851,40.2212625263719
2000,-168,"Democrat","own_distance",77,19.1558441558442,1.95515905647403,15.2618074155661,23.0498808961222
2000,-168,"Democrat","other_distance",78,29.8076923076923,2.88738905389523,24.0581661629271,35.5572184524575
2000,-161,"Republican","own_ideology",92,34.2391304347826,1.67171814574684,30.918467701444,37.5597931681212
2000,-161,"Republican","other_ideology",90,72.7777777777778,2.4557394251608,67.8982758484455,77.6572797071101
2000,-161,"Republican","own_distance",91,15.1098901098901,1.78512716937893,11.5634234105664,18.6563568092138
2000,-161,"Republican","other_distance",89,44.6629213483146,3.08087877887275,38.5403221762873,50.7855205203418
2000,-161,"Democrat","own_ideology",80,54.0625,2.61006715503595,48.8672912825439,59.2577087174561
2000,-161,"Democrat","other_ideology",78,32.6923076923077,2.78651596554007,27.1436455281061,38.2409698565093
2000,-161,"Democrat","own_distance",79,18.6708860759494,2.31716857622439,14.0577578080305,23.2840143438683
2000,-161,"Democrat","other_distance",78,36.5384615384616,2.76343883143009,31.0357518189894,42.0411712579337
2000,-154,"Republican","own_ideology",91,34.6153846153846,1.82278143744279,30.9941111403496,38.2366580904196
2000,-154,"Republican","other_ideology",87,71.551724137931,2.45830010510518,66.6647852697915,76.4386630060706
2000,-154,"Republican","own_distance",89,13.4831460674157,1.87622022668097,9.75455262674141,17.2117395080901
2000,-154,"Republican","other_distance",85,44.1176470588236,3.06463571912781,38.023282842007,50.2120112756402
2000,-154,"Democrat","own_ideology",95,51.842105263158,2.3733928157574,47.1296781907138,56.554532335602
2000,-154,"Democrat","other_ideology",96,38.28125,2.64267039671199,33.0348859429933,43.5276140570067
2000,-154,"Democrat","own_distance",93,19.6236559139785,2.15710194972966,15.3394652473518,23.9078465806052
2000,-154,"Democrat","other_distance",93,31.4516129032258,2.61770664169085,26.2526215603715,36.6506042460801
2000,-147,"Republican","own_ideology",76,32.5657894736842,1.81488345054391,28.9503562425926,36.1812227047757
2000,-147,"Republican","other_ideology",76,69.0789473684211,2.68476946364963,63.7306123368852,74.4272823999569
2000,-147,"Republican","own_distance",75,14.3333333333333,1.90857083773242,10.5304229255176,18.1362437411491
2000,-147,"Republican","other_distance",75,41.6666666666667,3.36694762898628,34.9578770699152,48.3754562634181
2000,-147,"Democrat","own_ideology",104,47.8365384615385,2.1088344426886,43.6541627240909,52.0189141989861
2000,-147,"Democrat","other_ideology",98,36.2244897959183,2.32538885541676,31.6092366180742,40.8397429737625
2000,-147,"Democrat","own_distance",103,19.9029126213592,1.80421458929886,16.3242615380549,23.4815637046635
2000,-147,"Democrat","other_distance",97,35.0515463917526,2.2483943838697,30.588518813656,39.5145739698491
2000,-140,"Republican","own_ideology",90,35.5555555555556,1.89361969079356,31.7929735649831,39.3181375461281
2000,-140,"Republican","other_ideology",93,68.5483870967742,2.78010177908374,63.0268649936045,74.0699091999439
2000,-140,"Republican","own_distance",89,13.7640449438202,1.64773209601641,10.4895236494498,17.0385662381906
2000,-140,"Republican","other_distance",92,42.3913043478261,2.93613159349003,36.5590396281508,48.2235690675014
2000,-140,"Democrat","own_ideology",94,52.6595744680851,2.43504278284065,47.8240620919105,57.4950868442598
2000,-140,"Democrat","other_ideology",94,34.3085106382979,2.33050584948186,29.6805878940532,38.9364333825425
2000,-140,"Democrat","own_distance",93,22.0430107526882,2.22379887465081,17.6263542360929,26.4596672692835
2000,-140,"Democrat","other_distance",92,35.8695652173913,2.483351993107,30.9366915519036,40.802438882879
2000,-133,"Republican","own_ideology",83,32.2289156626506,1.6335921651666,28.9791804536918,35.4786508716094
2000,-133,"Republican","other_ideology",82,73.7804878048781,2.74034531384237,68.3280602123767,79.2329153973794
2000,-133,"Republican","own_distance",82,13.7195121951219,1.796670813845,10.1447008490604,17.2943235411835
2000,-133,"Republican","other_distance",81,47.8395061728395,3.40766459934704,41.0580375017753,54.6209748439038
2000,-133,"Democrat","own_ideology",84,51.4880952380953,2.62219957156597,46.272645754658,56.7035447215325
2000,-133,"Democrat","other_ideology",80,34.375,2.68224205998535,29.0361307278141,39.7138692721859
2000,-133,"Democrat","own_distance",84,22.3214285714286,2.4696180677467,17.4094575622865,27.2333995805706
2000,-133,"Democrat","other_distance",80,32.8125,2.86820709611467,27.103476582555,38.521523417445
2000,-126,"Republican","own_ideology",295,32.9661016949154,0.914477765700802,31.1663493806174,34.7658540092133
2000,-126,"Republican","other_ideology",289,69.2906574394462,1.54753583990381,66.244742966918,72.3365719119744
2000,-126,"Republican","own_distance",290,14.2241379310345,1.01856312480547,12.2193954338247,16.2288804282442
2000,-126,"Republican","other_distance",286,46.5034965034963,1.76093424593855,43.0374098247681,49.9695831822246
2000,-126,"Democrat","own_ideology",300,50.8333333333333,1.36565479031758,48.1458207537657,53.5208459129009
2000,-126,"Democrat","other_ideology",300,35.5833333333333,1.37473182412322,32.8779577896325,38.2887088770342
2000,-126,"Democrat","own_distance",294,21.1734693877551,1.28649123761327,18.6415344060733,23.7054043694369
2000,-126,"Democrat","other_distance",294,33.6734693877551,1.5299349185877,30.6624144914503,36.6845242840599
2000,-119,"Republican","own_ideology",494,34.4129554655871,0.823054124894399,32.7958289861541,36.0300819450201
2000,-119,"Republican","other_ideology",488,70.1331967213113,1.13344547701397,67.906149661683,72.3602437809396
2000,-119,"Republican","own_distance",490,16.6836734693878,0.815207409714668,15.0819318745748,18.2854150642008
2000,-119,"Republican","other_distance",484,45.0929752066114,1.31048104680885,42.5180271944809,47.6679232187419
2000,-119,"Democrat","own_ideology",517,52.9980657640233,1.02285042145353,50.9886024364656,55.0075290915809
2000,-119,"Democrat","other_ideology",516,36.8701550387596,1.12557370265562,34.6588743317089,39.0814357458104
2000,-119,"Democrat","own_distance",512,20.068359375,0.94151254690012,18.2186476103199,21.9180711396801
2000,-119,"Democrat","other_distance",510,33.186274509804,1.12569098061341,30.9747019921438,35.3978470274643
2000,-112,"Republican","own_ideology",558,34.6326164874553,0.753256085117731,33.1530466967716,36.1121862781391
2000,-112,"Republican","other_ideology",552,70.1992753623185,1.07430003739193,68.0890506932721,72.309500031365
2000,-112,"Republican","own_distance",557,15.7091561938959,0.74912363564546,14.2376977302075,17.1806146575843
2000,-112,"Republican","other_distance",551,44.1016333938292,1.19750649548609,41.749387490116,46.4538792975424
2000,-112,"Democrat","own_ideology",603,51.5754560530676,0.923742831111244,49.7613060208446,53.3896060852907
2000,-112,"Democrat","other_ideology",589,36.2478777589136,1.00687123650982,34.2703759692565,38.2253795485707
2000,-112,"Democrat","own_distance",597,20.2261306532665,0.846803777148611,18.5630484585247,21.8892128480083
2000,-112,"Democrat","other_distance",584,32.7910958904109,0.994962690612858,30.8369479969822,34.7452437838397
2000,-105,"Republican","own_ideology",575,32.6956521739131,0.713073406579248,31.2951008159289,34.0962035318972
2000,-105,"Republican","other_ideology",568,69.4102112676058,1.0355743231762,67.3761810452671,71.4442414899444
2000,-105,"Republican","own_distance",572,15.9527972027971,0.726856399574548,14.5251587446362,17.380435660958
2000,-105,"Republican","other_distance",566,43.8604240282685,1.18200488043763,41.5387636694542,46.1820843870828
2000,-105,"Democrat","own_ideology",612,51.7156862745102,0.959767083773984,49.8308436938575,53.600528855163
2000,-105,"Democrat","other_ideology",606,34.199669966997,0.969120421818908,32.2964213319888,36.1029186020051
2000,-105,"Democrat","own_distance",596,19.4211409395973,0.821938648232895,17.8068871505933,21.0353947286013
2000,-105,"Democrat","other_distance",592,32.8125,1.04318397404823,30.7637012032566,34.8612987967435
2000,-98,"Republican","own_ideology",616,33.1574675324676,0.721360820935663,31.740838370184,34.5740966947511
2000,-98,"Republican","other_ideology",608,69.2434210526315,1.02117629291491,67.2379535114545,71.2488885938086
2000,-98,"Republican","own_distance",612,13.3986928104576,0.681913671241194,12.0595138100374,14.7378718108778
2000,-98,"Republican","other_distance",604,42.6738410596025,1.13229920371805,40.4501120028905,44.8975701163144
2000,-98,"Democrat","own_ideology",594,52.1464646464647,0.929212316380969,50.3215172284004,53.971412064529
2000,-98,"Democrat","other_ideology",591,34.2639593908629,1.01064741211625,32.2790550450293,36.2488637366964
2000,-98,"Democrat","own_distance",588,19.6003401360544,0.815834681464122,17.9980297781122,21.2026504939966
2000,-98,"Democrat","other_distance",582,32.5601374570448,1.05201727613579,30.4939172007238,34.6263577133658
2000,-91,"Republican","own_ideology",607,32.9901153212524,0.713949663886256,31.5879993425922,34.3922312999126
2000,-91,"Republican","other_ideology",603,68.5737976782749,0.982936609073772,66.6433962494712,70.5041991070787
2000,-91,"Republican","own_distance",599,15.2754590984975,0.723939570017979,13.8536860170976,16.6972321798973
2000,-91,"Republican","other_distance",597,42.169179229481,1.17233356752773,39.8667720661373,44.4715863928248
2000,-91,"Democrat","own_ideology",589,51.230899830221,0.934166612753507,49.396190404057,53.065609256385
2000,-91,"Democrat","other_ideology",590,34.7033898305083,1.04063105382662,32.6595906925276,36.7471889684891
2000,-91,"Democrat","own_distance",582,20.7474226804124,0.874932236129525,19.0290072606207,22.4658381002041
2000,-91,"Democrat","other_distance",583,34.2624356775302,1.0720794791949,32.1568196942495,36.368051660811
2000,-84,"Republican","own_ideology",608,33.2648026315787,0.734485710413546,31.8223609475007,34.7072443156567
2000,-84,"Republican","other_ideology",606,67.1617161716172,1.02177176662327,65.1550659387538,69.1683664044807
2000,-84,"Republican","own_distance",602,14.2441860465116,0.728914096545497,12.8126577903739,15.6757143026493
2000,-84,"Republican","other_distance",600,41.5,1.12101641215783,39.2983997165663,43.7016002834337
2000,-84,"Democrat","own_ideology",675,50.2592592592596,0.869972176148476,48.5510776813055,51.9674408372136
2000,-84,"Democrat","other_ideology",664,36.1069277108434,0.988266182262496,34.1664191303716,38.0474362913151
2000,-84,"Democrat","own_distance",663,18.7028657616892,0.779713767044257,17.171855733943,20.2338757894355
2000,-84,"Democrat","other_distance",653,33.9969372128637,0.974136834559836,32.0841132733921,35.9097611523352
2000,-77,"Republican","own_ideology",575,32,0.679632041743786,30.6651310086573,33.3348689913428
2000,-77,"Republican","other_ideology",573,69.7207678883072,1.07803582993886,67.6033762055621,71.8381595710523
2000,-77,"Republican","own_distance",570,14.0350877192982,0.71911435337403,12.6226450797525,15.4475303588439
2000,-77,"Republican","other_distance",568,45.1144366197185,1.22662403901381,42.7051548222046,47.5237184172324
2000,-77,"Democrat","own_ideology",651,52.2657450076802,0.94268331906413,50.4146728848044,54.1168171305559
2000,-77,"Democrat","other_ideology",640,34.765625,0.984604746893217,32.8321730213429,36.6990769786571
2000,-77,"Democrat","own_distance",644,19.7593167701863,0.857082051005224,18.0762988578861,21.4423346824864
2000,-77,"Democrat","other_distance",634,34.7003154574133,0.976706111955886,32.7823393984112,36.6182915164153
2000,-70,"Republican","own_ideology",491,33.3503054989818,0.771666003650739,31.8341229150872,34.8664880828763
2000,-70,"Republican","other_ideology",494,68.7753036437249,1.11030691482483,66.5937864652634,70.9568208221864
2000,-70,"Republican","own_distance",487,14.271047227926,0.837010473555238,12.6264411949405,15.9156532609115
2000,-70,"Republican","other_distance",489,41.7689161554193,1.25982159674306,39.293571980344,44.2442603304946
2000,-70,"Democrat","own_ideology",618,50.1618122977345,0.963166727983228,48.2703298185028,52.0532947769662
2000,-70,"Democrat","other_ideology",603,34.038142620232,0.967070084965594,32.1389016554152,35.9373835850487
2000,-70,"Democrat","own_distance",598,19.2307692307693,0.84943847752021,17.5625182962932,20.8990201652454
2000,-70,"Democrat","other_distance",586,33.9590443686007,0.974373393223399,32.0453483174074,35.872740419794
2000,-63,"Republican","own_ideology",555,32.1171171171175,0.705731078191475,30.7308811247934,33.5033531094416
2000,-63,"Republican","other_ideology",546,69.1391941391943,1.03901998406629,67.0982198643378,71.1801684140508
2000,-63,"Republican","own_distance",552,15.3079710144927,0.762633164186026,13.8099469425535,16.8059950864319
2000,-63,"Republican","other_distance",543,43.692449355433,1.24033800103855,41.2559907917954,46.1289079190706
2000,-63,"Democrat","own_ideology",605,51.1983471074384,0.911355094834326,49.4085374433834,52.9881567714934
2000,-63,"Democrat","other_ideology",596,36.7449664429528,0.984962847068201,34.810539814729,38.6793930711767
2000,-63,"Democrat","own_distance",593,19.0978077571671,0.849085236256903,17.4302219586073,20.7653935557268
2000,-63,"Democrat","other_distance",586,31.4419795221843,1.00508686544096,29.4679613697206,33.4159976746481
2000,-56,"Republican","own_ideology",532,32.65977443609,0.754141295663769,31.1783079282649,34.141240943915
2000,-56,"Republican","other_ideology",525,68.3809523809526,1.1078251943789,66.2046281060489,70.5572766558563
2000,-56,"Republican","own_distance",527,15.6072106261859,0.759154186746616,14.1158642020315,17.0985570503403
2000,-56,"Republican","other_distance",520,42.5961538461538,1.24971494053289,40.1410321940281,45.0512754982795
2000,-56,"Democrat","own_ideology",617,51.1750405186383,0.927944953182182,49.3527213190839,52.9973597181928
2000,-56,"Democrat","other_ideology",607,36.1614497528833,1.0637747766679,34.0723170205519,38.2505824852147
2000,-56,"Democrat","own_distance",606,19.5544554455446,0.861378771074446,17.8627998645019,21.2461110265873
2000,-56,"Democrat","other_distance",599,33.8480801335559,1.02229895657853,31.8403474472897,35.855812819822
2000,-49,"Republican","own_ideology",501,33.4830339321359,0.796567250384377,31.9180024534289,35.048065410843
2000,-49,"Republican","other_ideology",497,69.114688128773,1.16949747375266,66.8169082799926,71.4124679775533
2000,-49,"Republican","own_distance",500,16.4500000000001,0.820146499450632,14.8386340676137,18.0613659323864
2000,-49,"Republican","other_distance",495,45.5555555555557,1.22420586808426,43.1502631165694,47.960847994542
2000,-49,"Democrat","own_ideology",606,53.094059405941,0.900535255911611,51.325504685596,54.8626141262859
2000,-49,"Democrat","other_ideology",603,34.9917081260363,0.966618245822004,33.093354533732,36.8900617183406
2000,-49,"Democrat","own_distance",596,17.9110738255033,0.795524051121085,16.3486972216937,19.473450429313
2000,-49,"Democrat","other_distance",594,33.7962962962963,0.965584964756119,31.8999139977745,35.6926785948182
2000,-42,"Republican","own_ideology",584,32.4486301369862,0.719689445150004,31.0351302877642,33.8621299862082
2000,-42,"Republican","other_ideology",579,68.8255613126076,1.0404753459553,66.7819879060673,70.869134719148
2000,-42,"Republican","own_distance",579,15.6303972366148,0.722705206845313,14.210948763166,17.0498457100635
2000,-42,"Republican","other_distance",576,44.2274305555559,1.1723222218741,41.9248745616727,46.5299865494391
2000,-42,"Democrat","own_ideology",565,52.1681415929204,0.960885414594672,50.2807906146377,54.0554925712031
2000,-42,"Democrat","other_ideology",554,34.7021660649821,1.05110572247979,32.637517931961,36.7668141980032
2000,-42,"Democrat","own_distance",555,17.972972972973,0.8241575578804,16.3541171433453,19.5918288026008
2000,-42,"Democrat","other_distance",545,33.5779816513763,1.0498453741218,31.5157343410966,35.6402289616561
2000,-35,"Republican","own_ideology",277,32.3104693140795,1.03609894099258,30.2708087264767,34.3501299016823
2000,-35,"Republican","other_ideology",276,72.1014492753622,1.51922748996825,69.110655696453,75.0922428542714
2000,-35,"Republican","own_distance",275,13.4545454545455,1.05563977725622,11.3763500428378,15.5327408662532
2000,-35,"Republican","other_distance",275,47.2727272727273,1.7056234149533,43.9149353143093,50.6305192311454
2000,-35,"Democrat","own_ideology",312,51.5224358974357,1.31347746444288,48.9380098802757,54.1068619145956
2000,-35,"Democrat","other_ideology",309,35.84142394822,1.53734125190212,32.8164037091199,38.8664441873201
2000,-35,"Democrat","own_distance",309,18.4466019417475,1.19035887026938,16.1043375486586,20.7888663348365
2000,-35,"Democrat","other_distance",306,36.3562091503269,1.36408672605233,33.6719970015832,39.0404212990705
2000,-28,"Republican","own_ideology",311,31.9935691318327,0.913281702367628,30.1965541083418,33.7905841553237
2000,-28,"Republican","other_ideology",311,70.4180064308681,1.42344549116599,67.6171697053381,73.218843156398
2000,-28,"Republican","own_distance",308,14.3668831168831,0.993344439854416,12.4122581161107,16.3215081176556
2000,-28,"Republican","other_distance",308,44.9675324675326,1.60868921628522,41.802080450622,48.1329844844432
2000,-28,"Democrat","own_ideology",308,52.1915584415586,1.22932023746665,49.7725988403351,54.6105180427821
2000,-28,"Democrat","other_ideology",303,33.7458745874587,1.34006221918485,31.1088328447512,36.3829163301662
2000,-28,"Democrat","own_distance",306,19.6078431372549,1.11534950251758,17.4130892205322,21.8025970539777
2000,-28,"Democrat","other_distance",301,34.8006644518273,1.45469812019478,31.9379596406201,37.6633692630344
2000,-21,"Republican","own_ideology",290,29.9137931034481,0.976228890806248,27.9923731180378,31.8352130888584
2000,-21,"Republican","other_ideology",286,74.5629370629367,1.50376930873182,71.6030339428189,77.5228401830545
2000,-21,"Republican","own_distance",289,13.4083044982699,1.01748352933752,11.4056576272541,15.4109513692857
2000,-21,"Republican","other_distance",284,50.7922535211268,1.70701775248469,47.4321906341579,54.1523164080957
2000,-21,"Democrat","own_ideology",322,53.726708074534,1.20678004994901,51.3525110798784,56.1009050691896
2000,-21,"Democrat","other_ideology",316,33.3069620253166,1.31668793400982,30.7163475312592,35.897576519374
2000,-21,"Democrat","own_distance",315,18.2539682539682,1.10736764135121,16.0751696002933,20.4327669076431
2000,-21,"Democrat","other_distance",309,33.9805825242718,1.44311679757617,31.140967367486,36.8201976810575
2000,-14,"Republican","own_ideology",313,34.3450479233226,1.09476033576356,32.1910013211951,36.49909452545
2000,-14,"Republican","other_ideology",308,72.159090909091,1.3964429550787,69.4112803786879,74.9069014394941
2000,-14,"Republican","own_distance",310,14.0322580645161,0.983790101054606,12.0964829253695,15.9680332036627
2000,-14,"Republican","other_distance",305,46.5573770491804,1.57972365015087,43.4487997875667,49.665954310794
2000,-14,"Democrat","own_ideology",339,52.9498525073747,1.28618625494495,50.4199147410183,55.4797902737312
2000,-14,"Democrat","other_ideology",332,35.7680722891565,1.48052777295742,32.8556420135706,38.6805025647424
2000,-14,"Democrat","own_distance",330,18.4090909090909,1.14581132937995,16.1550500789367,20.6631317392452
2000,-14,"Democrat","other_distance",323,33.5913312693499,1.40148366023042,30.8341103582061,36.3485521804936
2000,-7,"Republican","own_ideology",304,31.7434210526317,0.988062689657036,29.7990874818348,33.6877546234285
2000,-7,"Republican","other_ideology",305,74.8360655737707,1.36888022890619,72.1423856044648,77.5297455430767
2000,-7,"Republican","own_distance",303,15.8415841584158,1.07227095430645,13.7315155171859,17.9516527996457
2000,-7,"Republican","other_distance",304,48.6842105263158,1.7301307714211,45.2796175020509,52.0888035505806
2000,-7,"Democrat","own_ideology",318,52.358490566038,1.2676198282299,49.8644794103626,54.8525017217133
2000,-7,"Democrat","other_ideology",311,34.4051446945337,1.50411719908353,31.4455746113523,37.3647147777151
2000,-7,"Democrat","own_distance",314,18.5509554140127,1.12805971416472,16.331416684113,20.7704941439124
2000,-7,"Democrat","other_distance",309,37.135922330097,1.42953359291062,34.3230347908616,39.9488098693325
2004,-308,"Republican","own_ideology",0,,,,
2004,-308,"Republican","other_ideology",0,,,,
2004,-308,"Republican","own_distance",0,,,,
2004,-308,"Republican","other_distance",0,,,,
2004,-308,"Democrat","own_ideology",0,,,,
2004,-308,"Democrat","other_ideology",0,,,,
2004,-308,"Democrat","own_distance",0,,,,
2004,-308,"Democrat","other_distance",0,,,,
2004,-301,"Republican","own_ideology",0,,,,
2004,-301,"Republican","other_ideology",0,,,,
2004,-301,"Republican","own_distance",0,,,,
2004,-301,"Republican","other_distance",0,,,,
2004,-301,"Democrat","own_ideology",0,,,,
2004,-301,"Democrat","other_ideology",0,,,,
2004,-301,"Democrat","own_distance",0,,,,
2004,-301,"Democrat","other_distance",0,,,,
2004,-294,"Republican","own_ideology",56,32.1428571428572,2.68127569117696,26.769460581394,37.5162537043203
2004,-294,"Republican","other_ideology",9,72.2222222222222,7.73300605948614,54.3898782714883,90.0545661729561
2004,-294,"Republican","own_distance",56,14.2857142857143,2.76641667586244,8.74169137804806,19.8297371933805
2004,-294,"Republican","other_distance",9,50,10.2062072615966,26.4644438500075,73.5355561499925
2004,-294,"Democrat","own_ideology",10,60,7.63762615825973,42.7224892793178,77.2775107206822
2004,-294,"Democrat","other_ideology",44,27.8409090909091,4.16175875340987,19.4479226778393,36.2338955039789
2004,-294,"Democrat","own_distance",10,25,11.1803398874989,-0.291685959024225,50.2916859590242
2004,-294,"Democrat","other_distance",44,40.9090909090909,4.23064154564731,32.3771891062548,49.440992711927
2004,-287,"Republican","own_ideology",301,29.9833887043189,1.1286312967598,27.7623517768218,32.204425631816
2004,-287,"Republican","other_ideology",89,66.0112359550562,2.19715750892027,61.6448471061412,70.3776248039711
2004,-287,"Republican","own_distance",300,15.5833333333334,1.10245958255983,13.4137704118681,17.7528962547986
2004,-287,"Republican","other_distance",89,41.5730337078652,2.98809724373398,35.6348183402627,47.5112490754676
2004,-287,"Democrat","own_ideology",90,58.0555555555556,2.29760560983708,53.4902621489432,62.6208489621681
2004,-287,"Democrat","other_ideology",300,31.1666666666666,1.70608350369801,27.8092143218358,34.5241190114975
2004,-287,"Democrat","own_distance",90,21.1111111111111,2.12408132125091,16.8906067697664,25.3316154524558
2004,-287,"Democrat","other_distance",299,42.2240802675586,1.67938028354671,38.9191329116704,45.5290276234468
2004,-280,"Republican","own_ideology",371,32.4797843665768,1.09592581255775,30.3247600174706,34.634808715683
2004,-280,"Republican","other_ideology",107,67.5233644859812,2.07891166415312,63.4017199131789,71.6450090587836
2004,-280,"Republican","own_distance",369,17.2764227642276,0.998879294531016,15.3121952874402,19.2406502410151
2004,-280,"Republican","other_distance",107,42.2897196261682,2.62265704680416,37.0900469466243,47.4893923057121
2004,-280,"Democrat","own_ideology",113,53.5398230088496,2.00906744308665,49.5591134029321,57.5205326147671
2004,-280,"Democrat","other_ideology",386,31.4766839378238,1.50712881098905,28.5134504407978,34.4399174348497
2004,-280,"Democrat","own_distance",113,18.8053097345133,1.79248406301507,15.2537323334403,22.3568871355863
2004,-280,"Democrat","other_distance",383,43.7336814621411,1.41987825762035,40.9419260515231,46.5254368727591
2004,-273,"Republican","own_ideology",407,31.1425061425063,0.898478097148254,29.3762561753266,32.9087561096861
2004,-273,"Republican","other_ideology",137,67.5182481751824,2.02901617358055,63.5057453753058,71.5307509750589
2004,-273,"Republican","own_distance",406,15.3940886699507,0.893552849767796,13.6375079057495,17.150669434152
2004,-273,"Republican","other_distance",137,42.5182481751824,2.3506963008747,37.8696033729704,47.1668929773944
2004,-273,"Democrat","own_ideology",159,57.2327044025158,1.67439958234374,53.9256110608762,60.5397977441553
2004,-273,"Democrat","other_ideology",434,30.4723502304146,1.35519375059533,27.8087741614469,33.1359262993824
2004,-273,"Democrat","own_distance",157,19.108280254777,1.44902439535605,16.2460404682727,21.9705200412814
2004,-273,"Democrat","other_distance",433,41.050808314088,1.36728817735409,38.3634437243837,43.7381729037923
2004,-266,"Republican","own_ideology",406,29.9876847290642,0.928558361879031,28.1622887747691,31.8130806833592
2004,-266,"Republican","other_ideology",305,70.3278688524591,1.32473813126336,67.7210516208221,72.9346860840961
2004,-266,"Republican","own_distance",406,15.3940886699507,0.889288859837949,13.64589022213,17.1422871177714
2004,-266,"Republican","other_distance",305,45.2459016393443,1.63168237553901,42.0350800945179,48.4567231841707
2004,-266,"Democrat","own_ideology",303,55.1980198019803,1.24215070485422,52.75365325501,57.6423863489505
2004,-266,"Democrat","other_ideology",389,33.547557840617,1.4554041970003,30.686092192466,36.409023488768
2004,-266,"Democrat","own_distance",302,20.8609271523179,1.24577638488248,18.4093930412777,23.3124612633581
2004,-266,"Democrat","other_distance",389,38.8817480719795,1.40109240371547,36.1270646710519,41.6364314729071
2004,-259,"Republican","own_ideology",407,31.6339066339068,0.975016373170646,29.7171958731455,33.5506173946681
2004,-259,"Republican","other_ideology",339,71.1651917404129,1.29199034586185,68.6238372847912,73.7065461960347
2004,-259,"Republican","own_distance",406,14.5320197044335,0.948760490358065,12.6669096243412,16.3971297845258
2004,-259,"Republican","other_distance",338,43.9349112426036,1.56102650550094,40.8643279531649,47.0054945320422
2004,-259,"Democrat","own_ideology",359,54.8050139275769,1.18290536981993,52.4786974186794,57.1313304364744
2004,-259,"Democrat","other_ideology",419,32.7565632458234,1.39798559118633,30.0086052304004,35.5045212612464
2004,-259,"Democrat","own_distance",359,20.891364902507,1.1528530796418,18.6241496036938,23.1585802013202
2004,-259,"Democrat","other_distance",418,41.5669856459333,1.33284120064558,38.9470608142639,44.1869104776026
2004,-252,"Republican","own_ideology",369,30.149051490515,1.011622405381,28.1597655621125,32.1383374189175
2004,-252,"Republican","other_ideology",308,73.7012987012988,1.35840392202391,71.0283383860184,76.3742590165791
2004,-252,"Republican","own_distance",368,15.7608695652174,1.00840912750768,13.7778844989783,17.7438546314564
2004,-252,"Republican","other_distance",308,49.4318181818183,1.64790550083379,46.1891994469591,52.6744369166775
2004,-252,"Democrat","own_ideology",363,52.6859504132232,1.0965525879988,50.5295371889653,54.8423636374811
2004,-252,"Democrat","other_ideology",423,33.2742316784871,1.48715681833257,30.3510742083958,36.1973891485783
2004,-252,"Democrat","own_distance",360,19.5138888888889,1.06300996120431,17.4233799433972,21.6043978343805
2004,-252,"Democrat","other_distance",420,41.0119047619049,1.38063527775423,38.2980702920427,43.7257392317671
2004,-245,"Republican","own_ideology",409,30.7457212713935,0.987564570271649,28.8043714134446,32.6870711293423
2004,-245,"Republican","other_ideology",344,73.8372093023255,1.18534885137613,71.5057415714972,76.1686770331537
2004,-245,"Republican","own_distance",405,14.6296296296296,0.843608976885734,12.9712181597025,16.2880410995567
2004,-245,"Republican","other_distance",341,48.6803519061584,1.53141492006242,45.6681112337225,51.6925925785943
2004,-245,"Democrat","own_ideology",388,54.7036082474229,1.07427767867107,52.5914571803423,56.8157593145036
2004,-245,"Democrat","other_ideology",439,30.6947608200456,1.43692169554654,27.8706422883987,33.5188793516926
2004,-245,"Democrat","own_distance",387,18.6692506459948,1.06909937702117,16.5672636211331,20.7712376708565
2004,-245,"Democrat","other_distance",437,43.0778032036615,1.37397051940593,40.3773742684347,45.7782321388882
2004,-238,"Republican","own_ideology",284,31.6021126760563,1.20005370081527,29.2399486642235,33.9642766878891
2004,-238,"Republican","other_ideology",245,74.7959183673471,1.45318259141816,71.9335352200523,77.6583015146419
2004,-238,"Republican","own_distance",283,14.6643109540636,1.06426527291976,12.5693985255584,16.7592233825688
2004,-238,"Republican","other_distance",244,47.7459016393441,1.7901542752451,44.2197015841026,51.2721016945857
2004,-238,"Democrat","own_ideology",244,55.122950819672,1.34553659265683,52.4725472913468,57.7733543479971
2004,-238,"Democrat","other_ideology",282,29.5212765957446,1.59803034106212,26.37564640837,32.6669067831193
2004,-238,"Democrat","own_distance",243,17.6954732510288,1.24676546460778,15.239575770127,20.1513707319306
2004,-238,"Democrat","other_distance",280,41.2500000000001,1.74292696887816,37.8190428124178,44.6809571875823
2004,-231,"Republican","own_ideology",208,29.5673076923077,1.23491508828606,27.1326844609797,32.0019309236356
2004,-231,"Republican","other_ideology",183,76.912568306011,1.73778432095319,73.4837737324943,80.3413628795277
2004,-231,"Republican","own_distance",208,12.5,1.1681190195566,10.1970645763867,14.8029354236133
2004,-231,"Republican","other_distance",183,52.1857923497268,2.15988330018476,47.9241610012285,56.4474236982251
2004,-231,"Democrat","own_ideology",202,54.0841584158417,1.56745420876962,50.993394984284,57.1749218473994
2004,-231,"Democrat","other_ideology",223,31.1659192825112,1.97649532592725,27.2708253268902,35.0610132381323
2004,-231,"Democrat","own_distance",198,18.0555555555556,1.49625991954305,15.1048127391416,21.0062983719695
2004,-231,"Democrat","other_distance",220,42.3863636363636,1.9010503699669,38.6396683114739,46.1330589612534
2004,-224,"Republican","own_ideology",207,29.7101449275363,1.22061741291562,27.3036407324356,32.1166491226369
2004,-224,"Republican","other_ideology",176,75.5681818181818,1.77869043664756,72.0577362064551,79.0786274299085
2004,-224,"Republican","own_distance",204,12.7450980392157,1.06377740068414,10.6476280877173,14.8425679907141
2004,-224,"Republican","other_distance",175,50.2857142857143,2.13452127961445,46.0728279081621,54.4986006632665
2004,-224,"Democrat","own_ideology",174,56.6091954022987,1.59050719945872,53.4698978808939,59.7484929237036
2004,-224,"Democrat","other_ideology",192,28.7760416666666,2.04182495151425,24.7486195600465,32.8034637732868
2004,-224,"Democrat","own_distance",172,20.4941860465116,1.46799337951133,17.5964640702957,23.3919080227276
2004,-224,"Democrat","other_distance",189,43.5185185185186,2.09825078176101,39.3793774820788,47.6576595549584
2004,-217,"Republican","own_ideology",198,30.4292929292929,1.43022534385324,27.6087755151013,33.2498103434846
2004,-217,"Republican","other_ideology",178,76.5449438202246,1.69202576758353,73.2058033839046,79.8840842565446
2004,-217,"Republican","own_distance",197,15.3553299492386,1.35052513185092,12.6919036658248,18.0187562326523
2004,-217,"Republican","other_distance",178,50.2808988764044,2.19997774623432,45.9393369497522,54.6224608030566
2004,-217,"Democrat","own_ideology",186,56.1827956989247,1.58677864293511,53.0522878029887,59.3133035948607
2004,-217,"Democrat","other_ideology",209,31.6985645933014,2.05241633387088,27.6523598989953,35.7447692876075
2004,-217,"Democrat","own_distance",184,20.1086956521739,1.57094280980626,17.0092067704285,23.2081845339193
2004,-217,"Democrat","other_distance",207,41.4251207729469,1.82262172178301,37.8317369877071,45.0185045581867
2004,-210,"Republican","own_ideology",181,28.4530386740331,1.55191371621891,25.3907546944425,31.5153226536238
2004,-210,"Republican","other_ideology",158,76.4240506329115,1.94720476839128,72.577952876094,80.2701483897291
2004,-210,"Republican","own_distance",179,16.340782122905,1.30279069051061,13.7698798724721,18.911684373338
2004,-210,"Republican","other_distance",156,51.4423076923077,2.37639411670294,46.7480093358576,56.1366060487577
2004,-210,"Democrat","own_ideology",144,52.6041666666667,1.77186141827927,49.1017420253412,56.1065913079921
2004,-210,"Democrat","other_ideology",154,28.5714285714286,2.38731007553028,23.8550819072965,33.2877752355607
2004,-210,"Democrat","own_distance",144,13.7152777777778,1.36801709939284,11.0111290507734,16.4194265047821
2004,-210,"Democrat","other_distance",154,44.1558441558442,2.2067434109189,39.7962232455312,48.5154650661572
2004,-203,"Republican","own_ideology",198,29.2929292929293,1.3759812364071,26.5793855457382,32.0064730401204
2004,-203,"Republican","other_ideology",176,77.5568181818181,1.75716928330787,74.0888469865183,81.024789377118
2004,-203,"Republican","own_distance",198,15.7828282828283,1.26637013522544,13.2854462901469,18.2802102755096
2004,-203,"Republican","other_distance",176,51.2784090909091,2.34304274059149,46.6541507391859,55.9026674426322
2004,-203,"Democrat","own_ideology",171,57.1637426900584,1.58574896066269,54.0334477476019,60.294037632515
2004,-203,"Democrat","other_ideology",191,29.3193717277487,2.1455800776276,25.0871545578877,33.5515888976098
2004,-203,"Democrat","own_distance",170,18.5294117647059,1.53713011325457,15.4949625204196,21.5638610089922
2004,-203,"Democrat","other_distance",189,46.6931216931218,2.0187695825806,42.7107702530509,50.6754731331927
2004,-196,"Republican","own_ideology",289,28.3737024221452,1.06743299935967,26.2727432473284,30.4746615969621
2004,-196,"Republican","other_ideology",262,75.9541984732826,1.51045342342923,72.9799726062966,78.9284243402686
2004,-196,"Republican","own_distance",288,16.0590277777778,1.02948449441101,14.0327303927221,18.0853251628334
2004,-196,"Republican","other_distance",261,52.9693486590039,1.70414862279601,49.6136584756713,56.3250388423364
2004,-196,"Democrat","own_ideology",265,53.8679245283018,1.2704045163642,51.3665101083241,56.3693389482795
2004,-196,"Democrat","other_ideology",276,31.4311594202898,1.89204594015158,27.7064250495835,35.1558937909961
2004,-196,"Democrat","own_distance",264,18.9393939393939,1.26041593219975,16.457603491387,21.4211843874008
2004,-196,"Democrat","other_distance",275,44.7272727272728,1.74181009150954,41.2982415196295,48.1563039349162
2004,-189,"Republican","own_ideology",453,30.5187637969093,0.959999900561837,28.6321468258097,32.405380768009
2004,-189,"Republican","other_ideology",402,76.9278606965172,1.21157561045898,74.5460272748524,79.3096941181821
2004,-189,"Republican","own_distance",452,14.103982300885,0.845454693451013,12.442462682861,15.765501918909
2004,-189,"Republican","other_distance",402,53.5447761194028,1.42930948679724,50.7349002221266,56.3546520166789
2004,-189,"Democrat","own_ideology",438,56.735159817352,1.02253859987406,54.7254549545029,58.7448646802011
2004,-189,"Democrat","other_ideology",481,30.1975051975053,1.28840220292947,27.6658998866206,32.72911050839
2004,-189,"Democrat","own_distance",433,19.05311778291,0.968098898426788,17.1503479483909,20.9558876174291
2004,-189,"Democrat","other_distance",476,41.7542016806721,1.29557174821925,39.2084410606689,44.2999623006754
2004,-182,"Republican","own_ideology",508,29.9212598425195,0.870563725513843,28.2109033190662,31.6316163659728
2004,-182,"Republican","other_ideology",471,77.0700636942676,1.03274894964776,75.0406870445454,79.0994403439898
2004,-182,"Republican","own_distance",500,15.6500000000001,0.830080156450124,14.0191171197468,17.2808828802533
2004,-182,"Republican","other_distance",465,50.2688172043014,1.35406013730511,47.6079674757462,52.9296669328567
2004,-182,"Democrat","own_ideology",553,57.368896925859,0.908314122352168,55.584721967552,59.153071884166
2004,-182,"Democrat","other_ideology",569,28.646748681898,1.22255761985095,26.2454630119738,31.0480343518221
2004,-182,"Democrat","own_distance",548,18.3850364963504,0.855032437852304,16.705487463736,20.0645855289647
2004,-182,"Democrat","other_distance",565,44.9115044247788,1.17305623381879,42.6074119733262,47.2155968762314
2004,-175,"Republican","own_ideology",597,31.7001675041879,0.830982141723535,30.068158246149,33.3321767622267
2004,-175,"Republican","other_ideology",544,75.597426470589,0.995825358190684,73.6412844996442,77.5535684415338
2004,-175,"Republican","own_distance",595,15.0840336134453,0.738483428873057,13.6336774752214,16.5343897516693
2004,-175,"Republican","other_distance",543,49.5856353591164,1.23038146476735,47.1687349224102,52.0025357958226
2004,-175,"Democrat","own_ideology",538,55.9944237918217,0.865252643290105,54.294728917875,57.6941186657685
2004,-175,"Democrat","other_ideology",568,29.9295774647888,1.21757849906247,27.5380625249756,32.3210924046021
2004,-175,"Democrat","own_distance",535,18.0841121495327,0.871351702189482,16.3724146148663,19.7958096841991
2004,-175,"Democrat","other_distance",564,43.2180851063831,1.20482981299685,40.851574617763,45.5845955950032
2004,-168,"Republican","own_ideology",571,30.0350262697024,0.800668943818543,28.4624047220331,31.6076478173718
2004,-168,"Republican","other_ideology",521,74.9999999999998,1.11819904876242,72.8032571532871,77.1967428467125
2004,-168,"Republican","own_distance",568,15.8450704225352,0.782891682995024,14.3073484953003,17.3827923497701
2004,-168,"Republican","other_distance",520,51.153846153846,1.25940612806952,48.6796857244886,53.6280065832035
2004,-168,"Democrat","own_ideology",588,54.8894557823128,0.913168920575697,53.0959796611904,56.6829319034351
2004,-168,"Democrat","other_ideology",612,33.4558823529413,1.2634033799912,30.9747423686607,35.9370223372219
2004,-168,"Democrat","own_distance",582,19.286941580756,0.860497200578296,17.5968773710948,20.9770057904172
2004,-168,"Democrat","other_distance",604,41.5976821192051,1.12899232583915,39.3804474593824,43.8149167790278
2004,-161,"Republican","own_ideology",518,32.1428571428572,0.928887189029903,30.3179996517369,33.9677146339775
2004,-161,"Republican","other_ideology",466,74.4635193133049,1.16652171029415,72.1712123215619,76.755826305048
2004,-161,"Republican","own_distance",514,16.3424124513618,0.840946937363067,14.6902889064297,17.9945359962939
2004,-161,"Republican","other_distance",463,50,1.37599237828721,47.2960208375746,52.7039791624254
2004,-161,"Democrat","own_ideology",521,57.4376199616122,0.956869647626144,55.5578146121212,59.3174253111031
2004,-161,"Democrat","other_ideology",523,28.6806883365201,1.21012348923184,26.3033778199675,31.0579988530728
2004,-161,"Democrat","own_distance",516,19.2344961240309,0.929765486181741,17.407896518137,21.0610957299249
2004,-161,"Democrat","other_distance",517,43.9071566731141,1.22382563189211,41.5028630686617,46.3114502775666
2004,-154,"Republican","own_ideology",464,29.3642241379312,0.881114186227472,27.6327458815126,31.0957023943499
2004,-154,"Republican","other_ideology",424,75.8844339622644,1.24453696540678,73.438187038771,78.3306808857577
2004,-154,"Republican","own_distance",461,14.3167028199567,0.817611720058709,12.7099858531157,15.9234197867976
2004,-154,"Republican","other_distance",420,51.9047619047622,1.40719699334866,49.1387166153444,54.6708071941799
2004,-154,"Democrat","own_ideology",498,56.3253012048194,0.966760065403663,54.4258607065961,58.2247417030427
2004,-154,"Democrat","other_ideology",506,27.915019762846,1.20343913228598,25.5506558272552,30.2793836984368
2004,-154,"Democrat","own_distance",492,19.5630081300813,0.920819684598229,17.7537749622685,21.3722412978941
2004,-154,"Democrat","other_distance",500,41.3,1.23761196129218,38.8684274050114,43.7315725949887
2004,-147,"Republican","own_ideology",246,29.979674796748,1.17545622414989,27.6643858181749,32.2949637753211
2004,-147,"Republican","other_ideology",219,77.5114155251142,1.46431103550607,74.6253967035128,80.3974343467157
2004,-147,"Republican","own_distance",245,15.7142857142857,1.12567588707558,13.4970036552316,17.9315677733398
2004,-147,"Republican","other_distance",218,51.3761467889909,1.91420179685261,47.6033386970034,55.1489548809784
2004,-147,"Democrat","own_ideology",240,54.6875000000001,1.44850932428904,51.8340244022449,57.5409755977552
2004,-147,"Democrat","other_ideology",250,30.7,1.74131234265964,27.2704211430547,34.1295788569454
2004,-147,"Democrat","own_distance",239,19.6652719665272,1.36718295395539,16.9719467997469,22.3585971333075
2004,-147,"Democrat","other_distance",248,41.1290322580646,1.84816898510073,37.4888513549381,44.7692131611911
2004,-140,"Republican","own_ideology",159,28.1446540880504,1.52504335118409,25.1325530545844,31.1567551215163
2004,-140,"Republican","other_ideology",147,80.7823129251701,1.77455789621925,77.275173138152,84.2894527121881
2004,-140,"Republican","own_distance",157,15.7643312101911,1.58601546451537,12.6314946761094,18.8971677442728
2004,-140,"Republican","other_distance",146,55.1369863013698,2.41675051566813,50.3603766341795,59.9135959685601
2004,-140,"Democrat","own_ideology",174,54.4540229885056,1.73795896618569,51.0236893963616,57.8843565806496
2004,-140,"Democrat","other_ideology",174,28.735632183908,2.16674081646724,24.4589812659007,33.0122831019153
2004,-140,"Democrat","own_distance",173,19.364161849711,1.46519482202759,16.4720838715197,22.2562398279023
2004,-140,"Democrat","other_distance",173,45.2312138728324,2.10373175688257,41.0787583804753,49.3836693651896
2004,-133,"Republican","own_ideology",230,29.7826086956522,1.22073978724064,27.3772907500208,32.1879266412835
2004,-133,"Republican","other_ideology",213,77.4647887323944,1.58247574050763,74.3453856307616,80.5841918340271
2004,-133,"Republican","own_distance",228,15.3508771929824,1.17348868677045,13.0385535122598,17.663200873705
2004,-133,"Republican","other_distance",212,54.2452830188679,1.89821499948653,50.503387510491,57.9871785272449
2004,-133,"Democrat","own_ideology",212,58.0188679245283,1.45821655554102,55.1443284330082,60.8934074160484
2004,-133,"Democrat","other_ideology",224,32.1428571428571,2.00631324886396,28.1890979607397,36.0966163249745
2004,-133,"Democrat","own_distance",211,18.2464454976303,1.40324916216129,15.4801856331639,21.0127053620968
2004,-133,"Democrat","other_distance",223,42.1524663677131,1.83950209301814,38.5273459892949,45.7775867461312
2004,-126,"Republican","own_ideology",338,27.8106508875739,1.09300880589173,25.6606716509923,29.9606301241554
2004,-126,"Republican","other_ideology",313,75.6389776357828,1.37123892424338,72.9409327313598,78.3370225402059
2004,-126,"Republican","own_distance",337,17.2106824925816,1.05666449785165,15.1321712430313,19.289193742132
2004,-126,"Republican","other_distance",312,51.3621794871793,1.73635949144012,47.945681856804,54.7786771175547
2004,-126,"Democrat","own_ideology",326,57.2085889570552,1.09940056579356,55.0457491332006,59.3714287809099
2004,-126,"Democrat","other_ideology",339,28.1710914454277,1.65070486709139,24.924142904105,31.4180399867505
2004,-126,"Democrat","own_distance",325,17.3076923076923,1.05417917808069,15.2337921469948,19.3815924683898
2004,-126,"Democrat","other_distance",338,47.9289940828403,1.48089127241143,45.0160390634872,50.8419491021933
2004,-119,"Republican","own_ideology",495,29.7979797979799,0.905459926176696,28.0189522904202,31.5770073055396
2004,-119,"Republican","other_ideology",452,78.2079646017696,1.11095506531563,76.0246735868123,80.3912556167268
2004,-119,"Republican","own_distance",493,14.7565922920892,0.84519451129014,13.0959563512932,16.4172282328853
2004,-119,"Republican","other_distance",450,52.2222222222224,1.40970542233716,49.4517824743451,54.9926619700997
2004,-119,"Democrat","own_ideology",470,56.3297872340422,0.997419623645528,54.3698227750883,58.289751692996
2004,-119,"Democrat","other_ideology",481,30.5093555093556,1.35739327130506,27.842188372586,33.1765226461253
2004,-119,"Democrat","own_distance",466,19.3669527896995,0.965719715826984,17.4692375246351,21.264668054764
2004,-119,"Democrat","other_distance",475,43.9473684210528,1.27013856884098,41.4515698052028,46.4431670369027
2004,-112,"Republican","own_ideology",460,28.4782608695653,0.944076075985785,26.6230137765035,30.3335079626271
2004,-112,"Republican","other_ideology",426,78.0516431924884,1.12042833134328,75.8493724470161,80.2539139379607
2004,-112,"Republican","own_distance",455,15.6043956043956,0.888188759194837,13.8589244145462,17.3498667942449
2004,-112,"Republican","other_distance",424,52.3584905660377,1.41211754044984,49.5828492753772,55.1341318566982
2004,-112,"Democrat","own_ideology",469,56.3432835820896,1.03031990479843,54.3186577271002,58.367909437079
2004,-112,"Democrat","other_ideology",491,29.480651731161,1.31161092980643,26.9035761062015,32.0577273561205
2004,-112,"Democrat","own_distance",463,18.6285097192225,0.984803382852367,16.6932607539386,20.5637586845064
2004,-112,"Democrat","other_distance",484,42.6136363636362,1.26733273336997,40.123469939295,45.1038027879774
2004,-105,"Republican","own_ideology",540,30.9722222222224,0.926996821109394,29.1512528774397,32.7931915670052
2004,-105,"Republican","other_ideology",496,76.9657258064517,1.08204189762187,74.8397645200032,79.0916870929002
2004,-105,"Republican","own_distance",536,14.9720149253731,0.828266369370263,13.3449618314891,16.5990680192571
2004,-105,"Republican","other_distance",493,52.9411764705883,1.30524696658674,50.3766306821634,55.5057222590133
2004,-105,"Democrat","own_ideology",527,57.2106261859579,0.980229709938067,55.2849803839754,59.1362719879403
2004,-105,"Democrat","other_ideology",542,29.1974169741697,1.22821075918883,26.784770583595,31.6100633647444
2004,-105,"Democrat","own_distance",523,20.076481835564,0.908732535104642,18.2912595572913,21.8617041138368
2004,-105,"Democrat","other_distance",538,44.3308550185874,1.22735644375482,41.9198465436256,46.7418634935493
2004,-98,"Republican","own_ideology",597,29.061976549414,0.765081975391108,27.5593920721986,30.5645610266293
2004,-98,"Republican","other_ideology",565,78.0973451327433,1.03987475350352,76.0548449516534,80.1398453138332
2004,-98,"Republican","own_distance",594,14.6464646464646,0.719947762819997,13.2325070527721,16.0604222401572
2004,-98,"Republican","other_distance",563,52.6198934280639,1.29028102399004,50.0855311069349,55.1542557491929
2004,-98,"Democrat","own_ideology",638,58.0329153605019,0.900365527298972,56.2648720034228,59.8009587175811
2004,-98,"Democrat","other_ideology",652,29.9079754601226,1.18452112141169,27.5820323788661,32.2339185413792
2004,-98,"Democrat","own_distance",630,18.2539682539683,0.78038603248818,16.7214909378595,19.786445570077
2004,-98,"Democrat","other_distance",645,44.37984496124,1.12717702325577,42.1664587828781,46.5932311396018
2004,-91,"Republican","own_ideology",559,29.0697674418604,0.81091822551326,27.4769420393175,30.6625928444033
2004,-91,"Republican","other_ideology",534,79.728464419476,0.978357812951753,77.8065541398583,81.6503746990937
2004,-91,"Republican","own_distance",554,15.072202166065,0.780536450486952,13.5390232566677,16.6053810754623
2004,-91,"Republican","other_distance",529,53.9224952741019,1.23713205693932,51.4921900942024,56.3528004540013
2004,-91,"Democrat","own_ideology",562,56.405693950178,0.990691160897039,54.4597767722178,58.3516111281382
2004,-91,"Democrat","other_ideology",567,28.6596119929454,1.24730570102715,26.2096989119104,31.1095250739804
2004,-91,"Democrat","own_distance",554,20.3519855595669,0.889517628977774,18.6047389480409,22.0992321710928
2004,-91,"Democrat","other_distance",563,45.4706927175843,1.22001499417006,43.0743465147428,47.8670389204259
2004,-84,"Republican","own_ideology",582,29.3384879725088,0.846273803388005,27.6763593035036,31.000616641514
2004,-84,"Republican","other_ideology",551,76.3157894736838,1.04891275114608,74.2554242635273,78.3761546838402
2004,-84,"Republican","own_distance",579,15.4145077720206,0.781324662382514,13.8799261905099,16.9490893535314
2004,-84,"Republican","other_distance",549,50.6830601092896,1.20813256260084,48.3099224641812,53.0561977543979
2004,-84,"Democrat","own_ideology",555,56.0810810810817,0.965046510180166,54.1854833838586,57.9766787783047
2004,-84,"Democrat","other_ideology",564,28.1914893617021,1.21727448611607,25.8005352137814,30.5824435096228
2004,-84,"Democrat","own_distance",550,18.6818181818182,0.89138452933717,16.9308765055826,20.4327598580538
2004,-84,"Democrat","other_distance",559,44.3649373881932,1.21074766811807,41.986757220116,46.7431175562705
2004,-77,"Republican","own_ideology",669,29.1106128550072,0.75159312230479,27.6348435079231,30.5863822020914
2004,-77,"Republican","other_ideology",635,78.7007874015754,0.952240301973724,76.8308609612259,80.5707138419249
2004,-77,"Republican","own_distance",665,15.0751879699248,0.684677989410781,13.7307932331292,16.4195827067204
2004,-77,"Republican","other_distance",631,52.8526148969886,1.14218829513376,50.6096579194443,55.0955718745329
2004,-77,"Democrat","own_ideology",562,55.7829181494663,0.969274935579976,53.8790667558559,57.6867695430767
2004,-77,"Democrat","other_ideology",574,30.2264808362369,1.22439424056779,27.8216325779947,32.6313290944791
2004,-77,"Democrat","own_distance",559,19.3202146690519,0.851842424682442,17.6470049540536,20.9934243840502
2004,-77,"Democrat","other_distance",570,42.7631578947369,1.23011802291862,40.347031531674,45.1792842577998
2004,-70,"Republican","own_ideology",628,29.3391719745222,0.751797617433289,27.8628258689547,30.8155180800898
2004,-70,"Republican","other_ideology",596,80.0335570469793,0.932934289742371,78.2013123711192,81.8658017228394
2004,-70,"Republican","own_distance",627,14.1547049441786,0.69804279447031,12.7839158899049,15.5254939984523
2004,-70,"Republican","other_distance",595,54.8739495798323,1.18597891272769,52.5447276519906,57.2031715076739
2004,-70,"Democrat","own_ideology",635,56.5748031496069,0.914819163993785,54.7783610757472,58.3712452234665
2004,-70,"Democrat","other_ideology",632,29.4699367088608,1.15743870609026,27.1970388740835,31.7428345436382
2004,-70,"Democrat","own_distance",626,20.2476038338657,0.874175644768299,18.530926677585,21.9642809901464
2004,-70,"Democrat","other_distance",623,44.1011235955055,1.10883752216172,41.9236048453278,46.2786423456833
2004,-63,"Republican","own_ideology",616,27.5162337662338,0.750883472299455,26.0416271706658,28.9908403618019
2004,-63,"Republican","other_ideology",580,82.1982758620685,0.89553547987312,80.439381846782,83.957169877355
2004,-63,"Republican","own_distance",610,13.7704918032788,0.6947848338216,12.406026823008,15.1349567835495
2004,-63,"Republican","other_distance",578,57.7854671280275,1.15020037385901,55.5263771330737,60.0445571229813
2004,-63,"Democrat","own_ideology",573,58.0715532286214,0.939900778373031,56.2254753567518,59.917631100491
2004,-63,"Democrat","other_ideology",585,26.9658119658119,1.173208260109,24.6615906063921,29.2700333252317
2004,-63,"Democrat","own_distance",571,20.0525394045535,0.852700124026213,18.3777216173809,21.727357191726
2004,-63,"Democrat","other_distance",581,44.4492254733219,1.19841942932666,42.0954548000038,46.8029961466401
2004,-56,"Republican","own_ideology",662,29.4184290030212,0.800212239441735,27.8471647654972,30.9896932405452
2004,-56,"Republican","other_ideology",614,81.1482084690547,0.943307330250664,79.2957024397992,83.0007144983102
2004,-56,"Republican","own_distance",654,15.2905198776758,0.710927529039528,13.8945400977723,16.6864996575793
2004,-56,"Republican","other_distance",609,55.7471264367816,1.196273274506,53.3977971820744,58.0964556914888
2004,-56,"Democrat","own_ideology",597,57.2026800670021,0.941319088602024,55.3539743124104,59.0513858215938
2004,-56,"Democrat","other_ideology",598,27.2575250836121,1.1960412737142,24.9085651231796,29.6064850440445
2004,-56,"Democrat","own_distance",588,17.8571428571428,0.816312044280369,16.2538949521677,19.460390762118
2004,-56,"Democrat","other_distance",591,45.2199661590523,1.1292118754645,43.0022020485372,47.4377302695674
2004,-49,"Republican","own_ideology",664,29.3674698795179,0.770104401491216,27.8553325365891,30.8796072224466
2004,-49,"Republican","other_ideology",621,78.7842190016096,0.963406459387656,76.8922837263707,80.6761542768485
2004,-49,"Republican","own_distance",657,15.1065449010655,0.703317460574707,13.7255200055238,16.4875697966071
2004,-49,"Republican","other_distance",617,52.9578606158831,1.15579856389305,50.6880773635717,55.2276438681944
2004,-49,"Democrat","own_ideology",647,55.9505409582689,0.853669408500635,54.274238996561,57.6268429199768
2004,-49,"Democrat","other_ideology",642,32.0482866043613,1.19099527161676,29.7095628293981,34.3870103793245
2004,-49,"Democrat","own_distance",641,19.1107644305772,0.812605950918401,17.5150683604794,20.706460500675
2004,-49,"Democrat","other_distance",637,43.7205651491369,1.10801814358868,41.5447488585234,45.8963814397503
2004,-42,"Republican","own_ideology",592,29.6875000000001,0.824108382768394,28.068962613493,31.3060373865071
2004,-42,"Republican","other_ideology",568,78.1250000000001,1.00853679879624,76.1440757117265,80.1059242882737
2004,-42,"Republican","own_distance",587,14.9488926746168,0.744570357051901,13.4865412586796,16.4112440905539
2004,-42,"Republican","other_distance",565,51.5044247787611,1.21442825947876,49.1190702622206,53.8897792953017
2004,-42,"Democrat","own_ideology",627,57.6555023923451,0.887997835879091,55.9116870800397,59.3993177046505
2004,-42,"Democrat","other_ideology",627,28.8676236044657,1.18240090048425,26.5456711038643,31.1895761050672
2004,-42,"Democrat","own_distance",625,18.4399999999999,0.855755776327541,16.7594899456057,20.120510054394
2004,-42,"Democrat","other_distance",625,45.7999999999995,1.11614032754364,43.60815380458,47.9918461954191
2004,-35,"Republican","own_ideology",748,28.7767379679147,0.690235970008423,27.4217048263772,30.1317711094522
2004,-35,"Republican","other_ideology",726,78.6157024793389,0.916773992344,76.8158537687643,80.4155511899135
2004,-35,"Republican","own_distance",745,13.9261744966442,0.645764004008411,12.6584379673304,15.193911025958
2004,-35,"Republican","other_distance",725,54.7586206896557,1.08447957078796,52.6295205171206,56.8877208621908
2004,-35,"Democrat","own_ideology",762,57.2834645669287,0.794269577298351,55.7242449429733,58.842684190884
2004,-35,"Democrat","other_ideology",767,28.1616688396347,1.03074819290667,26.1382423545387,30.1850953247308
2004,-35,"Democrat","own_distance",755,19.0066225165564,0.734666619066773,17.5643873071617,20.448857725951
2004,-35,"Democrat","other_distance",760,46.0526315789471,1.03414748461268,44.0225024308081,48.0827607270862
2004,-28,"Republican","own_ideology",714,28.0462184873953,0.718417755861563,26.6357512692614,29.4566857055291
2004,-28,"Republican","other_ideology",690,81.7753623188405,0.847480116102805,80.11140883982,83.4393157978609
2004,-28,"Republican","own_distance",712,14.2205056179775,0.657943181342274,12.9287617547833,15.5122494811716
2004,-28,"Republican","other_distance",688,55.0145348837205,1.08746136428119,52.879388163836,57.149681603605
2004,-28,"Democrat","own_ideology",699,58.2618025751073,0.839877307015899,56.6128139646896,59.910791185525
2004,-28,"Democrat","other_ideology",707,26.7326732673267,1.05660812436073,24.6582030370942,28.8071434975592
2004,-28,"Democrat","own_distance",692,17.9552023121387,0.793769197127049,16.3967134873964,19.513691136881
2004,-28,"Democrat","other_distance",698,45.1647564469913,1.0577364769234,43.088024839508,47.2414880544746
2004,-21,"Republican","own_ideology",695,28.2733812949642,0.759432707583614,26.7823201460315,29.764442443897
2004,-21,"Republican","other_ideology",686,82.1064139941691,0.922309532568169,80.2955208580803,83.917307130258
2004,-21,"Republican","own_distance",692,14.8843930635838,0.709107318091135,13.4921296263178,16.2766565008499
2004,-21,"Republican","other_distance",683,57.2474377745244,1.10292351692545,55.0819042888231,59.4129712602257
2004,-21,"Democrat","own_ideology",681,58.149779735683,0.873731910327761,56.434243187921,59.865316283445
2004,-21,"Democrat","other_ideology",671,25.1117734724291,1.06181335402859,23.0268912888749,27.1966556559833
2004,-21,"Democrat","own_distance",672,18.1175595238096,0.77566459378755,16.5945376815844,19.6405813660348
2004,-21,"Democrat","other_distance",664,46.9503012048193,1.07442536596271,44.8406148883717,49.059987521267
2004,-14,"Republican","own_ideology",810,26.3580246913579,0.61890705133691,25.1431716367331,27.5728777459826
2004,-14,"Republican","other_ideology",797,82.8105395232125,0.791064619047563,81.2577202699467,84.3633587764783
2004,-14,"Republican","own_distance",808,13.644801980198,0.620977193324887,12.4258809163833,14.8637230440127
2004,-14,"Republican","other_distance",793,57.0617906683485,0.993929544598212,55.1107429710942,59.0128383656029
2004,-14,"Democrat","own_ideology",790,58.6708860759488,0.794148869450682,57.1119915364326,60.2297806154649
2004,-14,"Democrat","other_ideology",784,26.0204081632652,1.01540708293921,24.0271657712258,28.0136505553046
2004,-14,"Democrat","own_distance",782,17.4872122762149,0.733940275659251,16.0464830406874,18.9279415117425
2004,-14,"Democrat","other_distance",777,44.7876447876452,1.02937036765968,42.7669642725622,46.8083253027282
2004,-7,"Republican","own_ideology",939,26.4909478168261,0.593656881669182,25.3258984012474,27.6559972324048
2004,-7,"Republican","other_ideology",923,82.9631635969668,0.743335001159764,81.5043387228298,84.4219884711039
2004,-7,"Republican","own_distance",937,13.9541088580576,0.596372200142597,12.7837274091105,15.1244903070046
2004,-7,"Republican","other_distance",921,57.2747014115085,0.957149408902883,55.3962517842258,59.1531510387913
2004,-7,"Democrat","own_ideology",959,58.6027111574561,0.71735875471581,57.1949352485754,60.0104870663369
2004,-7,"Democrat","other_ideology",938,26.172707889126,0.926042524442168,24.3553503837518,27.9900653945001
2004,-7,"Democrat","own_distance",944,18.6705508474577,0.675800693352462,17.3443035931587,19.9967981017568
2004,-7,"Democrat","other_distance",924,44.3722943722945,0.904014027981515,42.5981329639658,46.1464557806232
2008,-308,"Republican","own_ideology",418,36.4234449760768,1.09390128710365,34.2731969614673,38.5736929906863
2008,-308,"Republican","other_ideology",411,72.9927007299269,1.28377803262224,70.4690924439094,75.5163090159444
2008,-308,"Republican","own_distance",415,23.0120481927711,1.09958942700179,20.8505735872022,25.17352279834
2008,-308,"Republican","other_distance",410,51.829268292683,1.50263260894739,48.8754215564887,54.7831150288773
2008,-308,"Democrat","own_ideology",419,62.2315035799522,1.26820493913414,59.738649612312,64.7243575475924
2008,-308,"Democrat","other_ideology",386,33.6139896373056,1.27275330633096,31.1115723234893,36.1164069511219
2008,-308,"Democrat","own_distance",413,21.8523002421307,1.14584458597039,19.5998693224992,24.1047311617623
2008,-308,"Democrat","other_distance",381,39.041994750656,1.3589590779015,36.3699735397717,41.7140159615404
2008,-301,"Republican","own_ideology",410,34.6951219512196,1.10791903409262,32.5171956881162,36.8730482143229
2008,-301,"Republican","other_ideology",405,76.2962962962961,1.21413074284806,73.9094933993384,78.6830991932538
2008,-301,"Republican","own_distance",409,22.6161369193153,1.05519318228976,20.5418430491095,24.690430789521
2008,-301,"Republican","other_distance",404,53.4653465346533,1.50780368361729,50.5012036257125,56.4294894435941
2008,-301,"Democrat","own_ideology",440,61.8181818181821,1.26386584650163,59.3342020425602,64.302161593804
2008,-301,"Democrat","other_ideology",425,35.4705882352941,1.23737998409707,33.0384254473326,37.9027510232556
2008,-301,"Democrat","own_distance",434,22.2926267281106,1.1091730604422,20.1125939329182,24.4726595233029
2008,-301,"Democrat","other_distance",418,36.8421052631581,1.34991265385889,34.1886236025397,39.4955869237764
2008,-294,"Republican","own_ideology",419,35.0835322195704,1.19000837294194,32.7443857595047,37.4226786796361
2008,-294,"Republican","other_ideology",416,75.0600961538459,1.2198008619043,72.6623375944386,77.4578547132532
2008,-294,"Republican","own_distance",414,23.4903381642512,1.11398289327898,21.3005546242052,25.6801217042973
2008,-294,"Republican","other_distance",412,52.3665048543688,1.50456132469366,49.4089093983371,55.3241003104005
2008,-294,"Democrat","own_ideology",460,63.8043478260868,1.22355011560815,61.3998935104458,66.2088021417279
2008,-294,"Democrat","other_ideology",426,34.9178403755868,1.26827350024911,32.4249708642386,37.410709886935
2008,-294,"Democrat","own_distance",453,20.3642384105959,1.04888637889487,18.3029394021062,22.4255374190857
2008,-294,"Democrat","other_distance",419,40.8114558472553,1.40782033545715,38.0441661130227,43.5787455814879
2008,-287,"Republican","own_ideology",426,38.1455399061032,1.23554324770976,35.7170037176842,40.5740760945222
2008,-287,"Republican","other_ideology",421,77.0783847981,1.26969589374942,74.5826346366558,79.5741349595442
2008,-287,"Republican","own_distance",421,26.9596199524941,1.21029477653125,24.5806303071838,29.3386095978045
2008,-287,"Republican","other_distance",417,55.2158273381295,1.50760648919136,52.2523510349952,58.1793036412639
2008,-287,"Democrat","own_ideology",517,64.0232108317216,1.16300674312842,61.7384003149524,66.3080213484908
2008,-287,"Democrat","other_ideology",486,31.8930041152262,1.19332785874129,29.548273242916,34.2377349875364
2008,-287,"Democrat","own_distance",509,21.6601178781925,1.04861155356948,19.5999686773594,23.7202670790256
2008,-287,"Democrat","other_distance",479,41.492693110647,1.28778395885352,38.9622758364915,44.0231103848026
2008,-280,"Republican","own_ideology",430,38.139534883721,1.17748347229018,35.8251803767821,40.4538893906599
2008,-280,"Republican","other_ideology",397,75.5667506297233,1.24962778751705,73.1100166286824,78.0234846307643
2008,-280,"Republican","own_distance",426,26.1737089201877,1.16188465385054,23.8899532249702,28.4574646154052
2008,-280,"Republican","other_distance",396,53.1565656565655,1.59623785121309,50.0183814097232,56.2947499034077
2008,-280,"Democrat","own_ideology",545,62.7981651376151,1.1229373339989,60.592340781253,65.0039894939772
2008,-280,"Democrat","other_ideology",512,33.10546875,1.15886314942932,30.8287462483071,35.3821912516929
2008,-280,"Democrat","own_distance",536,22.7611940298508,1.02676117087082,20.7442161571219,24.7781719025797
2008,-280,"Democrat","other_distance",503,40.2087475149104,1.28570689922819,37.6827180837248,42.734776946096
2008,-273,"Republican","own_ideology",514,39.0077821011675,1.03120281981123,36.9818820324276,41.0336821699075
2008,-273,"Republican","other_ideology",494,75.8097165991903,1.19395507080736,73.463848567117,78.1555846312636
2008,-273,"Republican","own_distance",506,23.5671936758894,0.988301262992309,21.6255052256566,25.5088821261222
2008,-273,"Republican","other_distance",487,54.5174537987679,1.41860982936089,51.7300880996152,57.3048194979207
2008,-273,"Democrat","own_ideology",519,60.4046242774567,1.20839034173592,58.0306759610308,62.7785725938826
2008,-273,"Democrat","other_ideology",498,36.3955823293174,1.18866123282289,34.0601618200424,38.7310028385924
2008,-273,"Democrat","own_distance",511,21.4774951076321,0.984140948737832,19.5440258502699,23.4109643649942
2008,-273,"Democrat","other_distance",489,36.8098159509202,1.28848173933983,34.2781592652346,39.3414726366059
2008,-266,"Republican","own_ideology",471,39.6496815286625,1.07362604712469,37.5399803943147,41.7593826630103
2008,-266,"Republican","other_ideology",448,77.6785714285714,1.19930709137789,75.3215909112693,80.0355519458735
2008,-266,"Republican","own_distance",471,25.6369426751592,1.08595013499771,23.5030244102423,27.770860940076
2008,-266,"Republican","other_distance",448,54.9665178571429,1.56157010963131,51.8975871793683,58.0354485349176
2008,-266,"Democrat","own_ideology",623,64.0449438202244,1.04369097617515,61.9953588949397,66.0945287455091
2008,-266,"Democrat","other_ideology",601,34.4009983361068,1.10698428032959,32.226963544769,36.5750331274446
2008,-266,"Democrat","own_distance",613,21.3295269168026,0.917039069615677,19.5286017650276,23.1304520685776
2008,-266,"Democrat","other_distance",591,42.3434856175972,1.19414921584694,39.9981850313669,44.6887862038274
2008,-259,"Republican","own_ideology",461,36.8763557483732,1.01704782058007,34.8777200276214,38.874991469125
2008,-259,"Republican","other_ideology",452,80.6415929203536,1.11154105075378,78.4571503045963,82.8260355361109
2008,-259,"Republican","own_distance",457,22.8118161925602,1.02528079061654,20.796954955507,24.8266774296134
2008,-259,"Republican","other_distance",448,57.700892857143,1.50681895193858,54.7395638211073,60.6622218931786
2008,-259,"Democrat","own_ideology",519,63.7764932562621,1.16359268827694,61.4905523579161,66.0624341546082
2008,-259,"Democrat","other_ideology",498,33.7851405622491,1.17367031150736,31.4791734448459,36.0911076796523
2008,-259,"Democrat","own_distance",502,20.9661354581674,1.02881797753263,18.9448061580693,22.9874647582655
2008,-259,"Democrat","other_distance",488,40.3688524590161,1.30298241778521,37.8086912328047,42.9290136852276
2008,-252,"Republican","own_ideology",484,36.1053719008264,1.02828524285243,34.0849069361223,38.1258368655304
2008,-252,"Republican","other_ideology",465,78.9784946236564,1.16212192480957,76.6948207136248,81.2621685336881
2008,-252,"Republican","own_distance",479,24.5302713987473,1.08696968333934,22.394441980858,26.6661008166366
2008,-252,"Republican","other_distance",462,56.331168831169,1.48884148623291,53.4054118612203,59.2569258011178
2008,-252,"Democrat","own_ideology",600,62.25,1.1297471412788,60.0312531560888,64.4687468439111
2008,-252,"Democrat","other_ideology",570,32.5000000000001,1.03854208710938,30.4601559614079,34.5398440385923
2008,-252,"Democrat","own_distance",588,21.3010204081632,0.934357917226347,19.4659288107941,23.1361120055323
2008,-252,"Democrat","other_distance",561,40.3297682709447,1.17082998762064,38.0300132399076,42.6295233019817
2008,-245,"Republican","own_ideology",424,35.8490566037735,1.07585722769344,33.734364548401,37.963748659146
2008,-245,"Republican","other_ideology",406,75.923645320197,1.29681947819099,73.3743074151992,78.4729832251948
2008,-245,"Republican","own_distance",421,22.9809976247032,1.09182484121198,20.8348758351171,25.1271194142892
2008,-245,"Republican","other_distance",403,52.7915632754342,1.57374216151137,49.6977708461607,55.8853557047076
2008,-245,"Democrat","own_ideology",500,61.55,1.22011161157059,59.1528108564619,63.947189143538
2008,-245,"Democrat","other_ideology",483,34.7308488612836,1.2422539223072,32.2899467617857,37.1717509607815
2008,-245,"Democrat","own_distance",487,22.1252566735113,1.01424971069986,20.1324008540546,24.118112492968
2008,-245,"Democrat","other_distance",475,40.7894736842107,1.26725960741459,38.2993321739075,43.2796151945138
2008,-238,"Republican","own_ideology",322,35.6366459627328,1.2699311238344,33.138206700537,38.1350852249287
2008,-238,"Republican","other_ideology",316,76.8196202531648,1.49366998149086,73.8807894160017,79.7584510903279
2008,-238,"Republican","own_distance",317,23.6593059936909,1.28363467371181,21.133755390817,26.1848565965647
2008,-238,"Republican","other_distance",311,55.4662379421221,1.87296865172908,51.7808987998189,59.1515770844253
2008,-238,"Democrat","own_ideology",383,62.402088772846,1.34542900296076,59.7567150033279,65.0474625423642
2008,-238,"Democrat","other_ideology",374,31.0160427807485,1.41094015845673,28.2416486463648,33.7904369151323
2008,-238,"Democrat","own_distance",376,22.5398936170214,1.1596019174967,20.2597565841617,24.8200306498811
2008,-238,"Democrat","other_distance",366,41.6666666666667,1.43040600248182,38.8537952962213,44.4795380371121
2008,-231,"Republican","own_ideology",248,35.7862903225807,1.38805465523599,33.0523573926271,38.5202232525344
2008,-231,"Republican","other_ideology",238,76.6806722689075,1.6065151359516,73.5157988780062,79.8455456598089
2008,-231,"Republican","own_distance",243,22.6337448559671,1.43896209064477,19.7992555523679,25.4682341595663
2008,-231,"Republican","other_distance",235,54.8936170212765,2.1507656072474,50.6562783257284,59.1309557168247
2008,-231,"Democrat","own_ideology",333,61.7117117117119,1.44806595373648,58.8631704096755,64.5602530137482
2008,-231,"Democrat","other_ideology",322,30.9006211180123,1.38243835766144,28.1808371820788,33.6204050539459
2008,-231,"Democrat","own_distance",328,24.6189024390245,1.27030888704372,22.1198934980544,27.1179113799946
2008,-231,"Democrat","other_distance",320,40.234375,1.55744062352226,37.1702221063674,43.2985278936326
2008,-224,"Republican","own_ideology",232,33.1896551724137,1.34493331922513,30.5397509959195,35.8395593489079
2008,-224,"Republican","other_ideology",224,73.7723214285714,1.82591028210071,70.1740749694674,77.3705678876754
2008,-224,"Republican","own_distance",228,19.5175438596491,1.30503825679538,16.9460057617899,22.0890819575082
2008,-224,"Republican","other_distance",220,52.5,2.21379594509271,48.1369283798182,56.8630716201819
2008,-224,"Democrat","own_ideology",303,63.6138613861387,1.42462973566723,60.8104034368936,66.4173193353839
2008,-224,"Democrat","other_ideology",284,32.6584507042253,1.64586666926469,29.418756504065,35.8981449043856
2008,-224,"Democrat","own_distance",302,22.5165562913907,1.33964606229653,19.8802982451681,25.1528143376134
2008,-224,"Democrat","other_distance",282,40.7801418439716,1.67953326643546,37.4740778676844,44.0862058202587
2008,-217,"Republican","own_ideology",251,37.2509960159363,1.34906304951609,34.5940185072905,39.9079735245821
2008,-217,"Republican","other_ideology",235,77.127659574468,1.63185783590211,73.9126489148214,80.3426702341145
2008,-217,"Republican","own_distance",250,24.2,1.44422405897773,21.3555474707102,27.0444525292898
2008,-217,"Republican","other_distance",233,52.7896995708154,2.0936024141423,48.6647962967393,56.9146028448914
2008,-217,"Democrat","own_ideology",311,63.3440514469452,1.45685161278344,60.4774833022185,66.210619591672
2008,-217,"Democrat","other_ideology",307,31.758957654723,1.62019310103456,28.5708279658973,34.9470873435488
2008,-217,"Democrat","own_distance",303,20.1320132013201,1.27902329568757,17.6150869180949,22.6489394845453
2008,-217,"Democrat","other_distance",301,42.358803986711,1.58262733867697,39.2443468812244,45.4732610921975
2008,-210,"Republican","own_ideology",295,34.2372881355933,1.1599975241732,31.9543368086021,36.5202394625845
2008,-210,"Republican","other_ideology",297,81.3973063973063,1.37659774825821,78.6881472612126,84.1064655334
2008,-210,"Republican","own_distance",294,23.2993197278911,1.23623887195618,20.8662860980409,25.7323533577413
2008,-210,"Republican","other_distance",296,58.1925675675677,1.83650325379468,54.5782591659794,61.806875969156
2008,-210,"Democrat","own_ideology",325,64.3076923076925,1.48102666698199,61.3940496305117,67.2213349848733
2008,-210,"Democrat","other_ideology",328,34.6036585365855,1.61860614096753,31.4194635274485,37.7878535457225
2008,-210,"Democrat","own_distance",321,22.1183800623054,1.23021531733346,19.6980483282026,24.5387117964081
2008,-210,"Democrat","other_distance",325,43.6923076923077,1.55485097220495,40.6334295166,46.7511858680155
2008,-203,"Republican","own_ideology",277,34.5667870036102,1.2768746262989,32.0531362821097,37.0804377251107
2008,-203,"Republican","other_ideology",271,81.549815498155,1.54760934239039,78.5028992147686,84.5967317815413
2008,-203,"Republican","own_distance",273,23.1684981684981,1.28615692988886,20.6364103491714,25.7005859878248
2008,-203,"Republican","other_distance",268,60.9141791044777,1.94231410324917,57.0899789653677,64.7383792435878
2008,-203,"Democrat","own_ideology",310,62.983870967742,1.54824599393611,59.9374324021048,66.0303095333792
2008,-203,"Democrat","other_ideology",303,27.9702970297029,1.44975642164101,25.1173935257513,30.8232005336545
2008,-203,"Democrat","own_distance",306,21.078431372549,1.3898890896887,18.3434460459595,23.8134166991385
2008,-203,"Democrat","other_distance",298,41.6946308724832,1.64266223690858,38.4618986524895,44.9273630924769
2008,-196,"Republican","own_ideology",294,34.3537414965986,1.31088110244713,31.7738049816254,36.9336780115717
2008,-196,"Republican","other_ideology",287,81.184668989547,1.42700535965306,78.3759039649452,83.9934340141489
2008,-196,"Republican","own_distance",294,23.8095238095238,1.27863107167099,21.29305836897,26.3259892500776
2008,-196,"Republican","other_distance",287,62.0209059233449,1.81711751585498,58.4442857729022,65.5975260737876
2008,-196,"Democrat","own_ideology",381,62.8608923884511,1.37061505482622,60.1659528880591,65.5558318888431
2008,-196,"Democrat","other_ideology",369,29.0650406504065,1.28049131163709,26.5470424980011,31.5830388028119
2008,-196,"Democrat","own_distance",372,20.6989247311827,1.17523264890294,18.387972161803,23.0098773005624
2008,-196,"Democrat","other_distance",361,41.4127423822714,1.47990931803433,38.5023890340141,44.3230957305287
2008,-189,"Republican","own_ideology",286,35.4895104895103,1.32120048043494,32.8889617207378,38.0900592582829
2008,-189,"Republican","other_ideology",284,78.4330985915494,1.4903917995064,75.4994383145692,81.3667588685295
2008,-189,"Republican","own_distance",283,24.0282685512368,1.33793238846529,21.394666515716,26.6618705867576
2008,-189,"Republican","other_distance",282,57.2695035460993,1.86322636844517,53.6018503358367,60.9371567563619
2008,-189,"Democrat","own_ideology",348,64.7988505747125,1.39882878903084,62.0476005359925,67.5501006134324
2008,-189,"Democrat","other_ideology",348,30.3160919540229,1.43932581391806,27.4851913946941,33.1469925133518
2008,-189,"Democrat","own_distance",342,21.4912280701754,1.15578968047687,19.2178531876348,23.7646029527161
2008,-189,"Democrat","other_distance",342,41.2280701754385,1.66919654296843,37.9448521653569,44.5112881855201
2008,-182,"Republican","own_ideology",283,34.9823321554771,1.26359936407489,32.4950481297666,37.4696161811876
2008,-182,"Republican","other_ideology",274,77.919708029197,1.60488509869205,74.7601841846677,81.0792318737264
2008,-182,"Republican","own_distance",281,23.1316725978647,1.28364297990967,20.6048566924321,25.6584885032974
2008,-182,"Republican","other_distance",273,57.0512820512821,1.93158714551328,53.2485203746453,60.854043727919
2008,-182,"Democrat","own_ideology",300,62.5833333333334,1.64209167489141,59.3518124069888,65.8148542596779
2008,-182,"Democrat","other_ideology",294,28.9115646258503,1.55391037932575,25.8533237822418,31.9698054694587
2008,-182,"Democrat","own_distance",294,22.6190476190476,1.48351725522733,19.6993470220912,25.538748216004
2008,-182,"Democrat","other_distance",286,44.4930069930068,1.69598125673227,41.1547687510676,47.8312452349461
2008,-175,"Republican","own_ideology",319,34.796238244514,1.24113049917027,32.3543736263719,37.2381028626561
2008,-175,"Republican","other_ideology",310,80.5645161290322,1.40289698357463,77.8040765792986,83.3249556787658
2008,-175,"Republican","own_distance",314,23.4872611464968,1.25036959206948,21.027068923125,25.9474533698686
2008,-175,"Republican","other_distance",305,56.7213114754099,1.87572623690832,53.0302608739275,60.4123620768922
2008,-175,"Democrat","own_ideology",321,61.2928348909658,1.49534738433806,58.3508810095381,64.2347887723934
2008,-175,"Democrat","other_ideology",312,28.2051282051281,1.44210728630325,25.3676074321022,31.042648978154
2008,-175,"Democrat","own_distance",313,21.884984025559,1.26019988337437,19.4054191490232,24.3645489020949
2008,-175,"Democrat","other_distance",310,42.1774193548387,1.64482581031969,38.9409434963906,45.4138952132869
2008,-168,"Republican","own_ideology",255,34.5098039215686,1.36857316922906,31.8146077171374,37.2050001259998
2008,-168,"Republican","other_ideology",255,79.5098039215686,1.57692820714299,76.4042842357293,82.6153236074079
2008,-168,"Republican","own_distance",253,24.6047430830039,1.39297302067131,21.861390861742,27.3480953042658
2008,-168,"Republican","other_distance",253,58.2015810276681,2.09978622536354,54.0662150729491,62.336946982387
2008,-168,"Democrat","own_ideology",350,64.5000000000002,1.43286807808166,61.6818571924201,67.3181428075802
2008,-168,"Democrat","other_ideology",346,28.3959537572255,1.44104423271827,25.5616158647905,31.2302916496604
2008,-168,"Democrat","own_distance",342,22.3684210526316,1.32625189952916,19.7597563385917,24.9770857666714
2008,-168,"Democrat","other_distance",338,44.896449704142,1.60403337703346,41.7412706819638,48.0516287263203
2008,-161,"Republican","own_ideology",291,33.93470790378,1.2961232699364,31.3837067328786,36.4857090746814
2008,-161,"Republican","other_ideology",290,79.7413793103446,1.49714600800689,76.7946869024955,82.6880717181937
2008,-161,"Republican","own_distance",289,23.1833910034602,1.2954134197121,20.6337127464102,25.7330692605102
2008,-161,"Republican","other_distance",287,59.2334494773519,1.86918158698777,55.554351966858,62.9125469878458
2008,-161,"Democrat","own_ideology",342,63.0847953216373,1.43699918315757,60.2582967774783,65.9112938657963
2008,-161,"Democrat","other_ideology",337,31.4540059347182,1.54871080812282,28.4076152936697,34.5003965757667
2008,-161,"Democrat","own_distance",339,20.6489675516224,1.27650454461616,18.1380737802625,23.1598613229824
2008,-161,"Democrat","other_distance",334,45.5838323353294,1.60877822685511,42.4191830554489,48.7484816152099
2008,-154,"Republican","own_ideology",221,33.7104072398189,1.44384440763342,30.8648706067213,36.5559438729166
2008,-154,"Republican","other_ideology",218,81.651376146789,1.73776231949805,78.2263225543552,85.0764297392227
2008,-154,"Republican","own_distance",220,23.5227272727272,1.4144695415341,20.7350123851111,26.3104421603433
2008,-154,"Republican","other_distance",217,60.5990783410138,2.09448943263918,56.4708240192475,64.72733266278
2008,-154,"Democrat","own_ideology",291,61.7697594501719,1.68749951879727,58.4484601970857,65.091058703258
2008,-154,"Democrat","other_ideology",290,31.9827586206896,1.65743944744048,28.7205756337781,35.244941607601
2008,-154,"Democrat","own_distance",286,23.9510489510489,1.53051533048622,20.9385010317708,26.9635968703269
2008,-154,"Democrat","other_distance",282,43.6170212765957,1.83219540035501,40.0104507300721,47.2235918231193
2008,-147,"Republican","own_ideology",141,33.8652482269503,1.83430166537855,30.2387352964405,37.4917611574602
2008,-147,"Republican","other_ideology",136,83.0882352941176,1.95054516116231,79.2306571924805,86.9458133957547
2008,-147,"Republican","own_distance",140,24.2857142857143,1.89564020035367,20.5376967079266,28.0337318635019
2008,-147,"Republican","other_distance",135,61.1111111111112,2.68930413580247,55.7921361199909,66.4300861022315
2008,-147,"Democrat","own_ideology",150,63.8333333333333,2.26263129405921,59.3623440800204,68.3043225866463
2008,-147,"Democrat","other_ideology",142,28.169014084507,2.19052937033131,23.8384875955209,32.4995405734932
2008,-147,"Democrat","own_distance",144,23.4375,2.00491622724812,19.4743977360958,27.4006022639042
2008,-147,"Democrat","other_distance",138,45.4710144927536,2.42898049879218,40.6678726403541,50.2741563451531
2008,-140,"Republican","own_ideology",114,35.3070175438596,1.83790951331423,31.6657873137001,38.9482477740191
2008,-140,"Republican","other_ideology",110,78.8636363636363,2.58682352034157,73.7366362446336,83.990636482639
2008,-140,"Republican","own_distance",113,19.6902654867257,1.87121213030539,15.9826985120839,23.3978324613674
2008,-140,"Republican","other_distance",109,55.9633027522935,2.8388872413076,50.336135740473,61.5904697641141
2008,-140,"Democrat","own_ideology",135,62.0370370370372,2.42139914981412,57.2479314279245,66.8261426461498
2008,-140,"Democrat","other_ideology",133,32.5187969924812,2.64132556942534,27.2939939424564,37.743600042506
2008,-140,"Democrat","own_distance",134,25.1865671641791,2.19184704272375,20.851178616691,29.5219557116673
2008,-140,"Democrat","other_distance",131,46.1832061068703,2.87324306706839,40.4988383228957,51.8675738908449
2008,-133,"Republican","own_ideology",108,40.2777777777777,2.1774765617022,35.961184452912,44.5943711026435
2008,-133,"Republican","other_ideology",105,83.8095238095237,2.19214779345944,79.4624124714951,88.1566351475523
2008,-133,"Republican","own_distance",107,25.9345794392523,2.46034574529546,21.0567047016331,30.8124541768715
2008,-133,"Republican","other_distance",104,59.375,3.18967795600624,53.0490260764785,65.7009739235215
2008,-133,"Democrat","own_ideology",117,63.6752136752137,2.61938153045654,58.4871985056304,68.863228844797
2008,-133,"Democrat","other_ideology",119,30.4621848739496,2.72080166548143,25.074256840021,35.8501129078781
2008,-133,"Democrat","own_distance",116,23.7068965517241,2.02691844606866,19.6919612085487,27.7218318948995
2008,-133,"Democrat","other_distance",117,48.2905982905983,2.90656796177132,42.5337742075995,54.0474223735971
2008,-126,"Republican","own_ideology",92,36.6847826086956,2.45756772398461,31.8031262263361,41.5664389910552
2008,-126,"Republican","other_ideology",90,86.6666666666668,2.27618622268688,82.1439331260783,91.1894002072553
2008,-126,"Republican","own_distance",91,28.8461538461539,2.30870958449186,24.2594992927651,33.4328083995426
2008,-126,"Republican","other_distance",90,66.6666666666668,3.48888014184993,59.7343361396805,73.598997193653
2008,-126,"Democrat","own_ideology",109,58.9449541284403,2.53506951553353,53.920006556408,63.9699017004726
2008,-126,"Democrat","other_ideology",108,32.1759259259259,2.48417729787967,27.2513341620412,37.1005176898105
2008,-126,"Democrat","own_distance",107,21.7289719626168,2.44143427545459,16.8885910533201,26.5693528719135
2008,-126,"Democrat","other_distance",106,41.5094339622641,2.59342056742368,36.3671600498022,46.651707874726
2008,-119,"Republican","own_ideology",86,38.0813953488372,1.97135541338355,34.1618126461752,42.0009780514992
2008,-119,"Republican","other_ideology",87,82.183908045977,2.54956368609938,77.1155431833952,87.2522729085588
2008,-119,"Republican","own_distance",86,23.8372093023256,2.33581878039817,19.1929757835773,28.4814428210739
2008,-119,"Republican","other_distance",86,58.4302325581395,3.27204888173338,51.9245227748923,64.9359423413867
2008,-119,"Democrat","own_ideology",121,65.909090909091,2.40164658850717,61.1539978062431,70.6641840119388
2008,-119,"Democrat","other_ideology",120,30.625,2.65391900110493,25.3699753137854,35.8800246862145
2008,-119,"Democrat","own_distance",120,25.4166666666667,2.11254036585946,21.2336257492181,29.5997075841152
2008,-119,"Democrat","other_distance",118,46.6101694915254,2.73992257298799,41.1838964112729,52.0364425717779
2008,-112,"Republican","own_ideology",110,33.6363636363636,1.94900489023836,29.7734993065738,37.4992279661534
2008,-112,"Republican","other_ideology",104,81.0096153846154,2.42741895984799,76.1954023972056,85.8238283720252
2008,-112,"Republican","own_distance",109,20.8715596330275,1.9958375355056,16.9154633931581,24.827655872897
2008,-112,"Republican","other_distance",103,56.3106796116504,3.21212215684102,49.9394505436315,62.6819086796693
2008,-112,"Democrat","own_ideology",117,59.6153846153846,2.42493694953739,54.812491438807,64.4182777919622
2008,-112,"Democrat","other_ideology",114,30.9210526315789,2.68513086559754,25.601324098199,36.2407811649588
2008,-112,"Democrat","own_distance",116,19.3965517241379,2.45052634282378,14.5425306645988,24.250572783677
2008,-112,"Democrat","other_distance",114,43.6403508771929,2.91903174745427,37.8572225106287,49.4234792437572
2008,-105,"Republican","own_ideology",95,32.8947368421053,2.22172283079804,28.4834540802256,37.306019603985
2008,-105,"Republican","other_ideology",94,81.9148936170213,2.51977580203765,76.9111182575902,86.9186689764524
2008,-105,"Republican","own_distance",95,23.421052631579,2.11015668669692,19.2312870641307,27.6108181990273
2008,-105,"Republican","other_distance",94,60.372340425532,3.41182971843265,53.5971227804294,67.1475580706345
2008,-105,"Democrat","own_ideology",123,64.4308943089431,2.19819881014089,60.0793402114987,68.7824484063874
2008,-105,"Democrat","other_ideology",119,29.4117647058823,2.38028901226259,24.6981444296493,34.1253849821153
2008,-105,"Democrat","own_distance",123,26.2195121951219,2.37743783524434,21.5131365453628,30.9258878448811
2008,-105,"Democrat","other_distance",119,40.5462184873949,2.54904178089236,35.4984217864564,45.5940151883334
2008,-98,"Republican","own_ideology",218,31.651376146789,1.40102444676247,28.8900181862496,34.4127341073283
2008,-98,"Republican","other_ideology",216,84.8379629629629,1.56312294182504,81.7569552294623,87.9189706964635
2008,-98,"Republican","own_distance",215,23.1395348837209,1.41218202556213,20.355966995267,25.9231027721748
2008,-98,"Republican","other_distance",214,64.3691588785045,2.06270358845426,60.3032320585239,68.4350856984851
2008,-98,"Democrat","own_ideology",272,62.5,1.61076292345334,59.3288003243788,65.6711996756212
2008,-98,"Democrat","other_ideology",273,32.3260073260073,1.69801106030679,28.9830924584908,35.6689221935238
2008,-98,"Democrat","own_distance",268,21.7350746268657,1.39383956361068,18.9907597685529,24.4793894851785
2008,-98,"Democrat","other_distance",268,44.402985074627,1.80876369534408,40.8417308141646,47.9642393350893
2008,-91,"Republican","own_ideology",406,34.2980295566503,1.09046203627415,32.1543570950733,36.4417020182274
2008,-91,"Republican","other_ideology",397,80.9193954659953,1.22220105371906,78.516581672341,83.3222092596496
2008,-91,"Republican","own_distance",400,19.9375,1.04450896684977,17.8840713112359,21.9909286887641
2008,-91,"Republican","other_distance",394,56.281725888325,1.55897346571089,53.2167550345881,59.3466967420619
2008,-91,"Democrat","own_ideology",487,63.5523613963037,1.09599654875393,61.3988847157122,65.7058380768951
2008,-91,"Democrat","other_ideology",484,29.8037190082644,1.24216889439944,27.3629967001067,32.2444413164221
2008,-91,"Democrat","own_distance",481,19.8544698544699,0.97424343145297,17.9401609224043,21.7687787865355
2008,-91,"Democrat","other_distance",477,45.0209643605872,1.31068207048785,42.4455262198172,47.5964025013573
2008,-84,"Republican","own_ideology",402,35.0746268656715,1.0469605332565,33.0164098070352,37.1328439243078
2008,-84,"Republican","other_ideology",391,84.0153452685426,1.12018281887265,81.812992663638,86.2176978734473
2008,-84,"Republican","own_distance",398,22.3618090452262,1.01327810889416,20.3697474204496,24.3538706700029
2008,-84,"Republican","other_distance",388,60.7603092783508,1.55793040881405,57.6972424002559,63.8233761564456
2008,-84,"Democrat","own_ideology",498,63.8052208835341,1.07441725843188,61.6942610645604,65.9161807025079
2008,-84,"Democrat","other_ideology",500,29.6500000000001,1.18619945130511,27.3194390744475,31.9805609255527
2008,-84,"Democrat","own_distance",495,21.010101010101,1.03410724003429,18.9783101239424,23.0418918962596
2008,-84,"Democrat","other_distance",497,43.9134808853122,1.25935726533102,41.4391482666984,46.387813503926
2008,-77,"Republican","own_ideology",513,32.8947368421053,0.918890833606683,31.0894764555963,34.6999972286143
2008,-77,"Republican","other_ideology",496,81.9556451612904,1.05544991362724,79.8819309538383,84.0293593687425
2008,-77,"Republican","own_distance",510,21.9607843137255,0.991681600128421,20.0124913888606,23.9090772385905
2008,-77,"Republican","other_distance",495,60.5555555555555,1.43240422937915,57.741199610759,63.369911500352
2008,-77,"Democrat","own_ideology",578,62.3702422145327,1.07310847330929,60.2625671775131,64.4779172515522
2008,-77,"Democrat","other_ideology",562,29.4039145907474,1.14864067008723,27.1477527317857,31.6600764497092
2008,-77,"Democrat","own_distance",570,20.8333333333334,0.940657719847663,18.9857480828139,22.6809185838528
2008,-77,"Democrat","other_distance",556,46.6726618705038,1.26185405820371,44.1940681593909,49.1512555816167
2008,-70,"Republican","own_ideology",478,32.5313807531382,0.963435601412515,30.6382782301254,34.4244832761509
2008,-70,"Republican","other_ideology",467,83.1905781584583,1.1504812755443,80.9298045435072,85.4513517734095
2008,-70,"Republican","own_distance",477,23.3752620545074,0.945821578419777,21.516760269617,25.2337638393979
2008,-70,"Republican","other_distance",465,63.1720430107532,1.46401375801067,60.2951245465875,66.0489614749189
2008,-70,"Democrat","own_ideology",632,62.776898734177,1.06515501855303,60.6852212028896,64.8685762654645
2008,-70,"Democrat","other_ideology",618,29.1666666666666,1.14642392893144,26.9153007168831,31.4180326164501
2008,-70,"Democrat","own_distance",628,21.7356687898089,0.986643861026596,19.7981422693315,23.6731953102863
2008,-70,"Democrat","other_distance",610,45.1229508196721,1.17440122009581,42.8165830643572,47.429318574987
2008,-63,"Republican","own_ideology",561,30.3030303030302,0.898458213183441,28.5382704166319,32.0677901894286
2008,-63,"Republican","other_ideology",555,86.0810810810817,0.967990898201384,84.1796998541595,87.982462308004
2008,-63,"Republican","own_distance",560,19.5535714285715,0.868067243216963,17.8484991585092,21.2586436986337
2008,-63,"Republican","other_distance",554,66.2003610108307,1.24874090029742,63.7475054005086,68.6532166211528
2008,-63,"Democrat","own_ideology",633,63.349131121643,1.06464356468563,61.2584643050789,65.4397979382072
2008,-63,"Democrat","other_ideology",620,26.4919354838709,1.08042691526945,24.3701890161643,28.6136819515776
2008,-63,"Democrat","own_distance",628,22.1735668789809,0.938560594431882,20.3304640993268,24.0166696586351
2008,-63,"Democrat","other_distance",614,46.6205211726382,1.2100567539512,44.2441615700469,48.9968807752295
2008,-56,"Republican","own_ideology",482,28.47510373444,0.942745959162256,26.6226945027984,30.3275129660816
2008,-56,"Republican","other_ideology",476,86.8697478991593,1.01227740657085,84.880652380745,88.8588434175736
2008,-56,"Republican","own_distance",476,18.0672268907563,0.850037980106014,16.3969271036273,19.7375266778853
2008,-56,"Republican","other_distance",470,66.7553191489358,1.36369685378527,64.0756071171659,69.4350311807056
2008,-56,"Democrat","own_ideology",608,64.7615131578949,1.08021762672483,62.6400955311497,66.88293078464
2008,-56,"Democrat","other_ideology",588,28.4863945578231,1.17508862590831,26.1785045899513,30.794284525695
2008,-56,"Democrat","own_distance",599,21.2020033388981,0.869376394532033,19.4946012206254,22.9094054571708
2008,-56,"Democrat","other_distance",580,46.5517241379309,1.24059615381229,44.1151069414385,48.9883413344233
2008,-49,"Republican","own_ideology",434,31.4516129032257,1.04937006361755,29.3891203720175,33.5141054344338
2008,-49,"Republican","other_ideology",431,86.3689095127612,1.04346882628503,84.3179755086746,88.4198435168479
2008,-49,"Republican","own_distance",429,21.095571095571,1.0046812243675,19.1208479305772,23.0702942605649
2008,-49,"Republican","other_distance",427,64.5784543325526,1.46165925145653,61.7054925012958,67.4514161638094
2008,-49,"Democrat","own_ideology",575,62.6086956521738,1.14616788590001,60.3575010707129,64.8598902336347
2008,-49,"Democrat","other_ideology",566,26.7667844522969,1.16225385928419,24.4839184873273,29.0496504172666
2008,-49,"Democrat","own_distance",563,21.2255772646537,0.98999174929425,19.2810413527163,23.170113176591
2008,-49,"Democrat","other_distance",557,46.8581687612207,1.26362713393409,44.3761020465968,49.3402354758446
2008,-42,"Republican","own_ideology",488,27.8176229508195,0.898243669060295,26.0527114816939,29.582534419945
2008,-42,"Republican","other_ideology",480,83.8020833333333,1.08051839313259,81.6789415599881,85.9252251066784
2008,-42,"Republican","own_distance",487,21.5092402464066,0.939850521964707,19.6625682066143,23.3559122861988
2008,-42,"Republican","other_distance",477,62.6834381551365,1.43225666565839,59.8691107700554,65.4977655402176
2008,-42,"Democrat","own_ideology",563,63.3214920071047,1.10499881845527,61.1510598932346,65.4919241209747
2008,-42,"Democrat","other_ideology",551,28.5843920145189,1.2165956675162,26.194649506919,30.9741345221189
2008,-42,"Democrat","own_distance",548,20.8029197080292,1.03780137962286,18.764355758842,22.8414836572165
2008,-42,"Democrat","other_distance",537,47.0670391061454,1.2395587807026,44.6320502034055,49.5020280088852
2008,-35,"Republican","own_ideology",423,30.5555555555557,1.08319840883127,28.4264192860422,32.6846918250691
2008,-35,"Republican","other_ideology",421,84.8574821852735,1.12261875555614,82.6508310066626,87.0641333638843
2008,-35,"Republican","own_distance",420,21.1904761904763,1.05979528797753,19.107298228959,23.2736541519936
2008,-35,"Republican","other_distance",419,63.3054892601431,1.60104056232979,60.1583951312701,66.4525833890161
2008,-35,"Democrat","own_ideology",562,63.1672597864768,1.14044756260146,60.9271908424685,65.4073287304851
2008,-35,"Democrat","other_ideology",563,26.2877442273534,1.14310103621641,24.0424719637409,28.5330164909659
2008,-35,"Democrat","own_distance",551,22.595281306715,1.00311139082535,20.62488309265,24.5656795207799
2008,-35,"Democrat","other_distance",551,44.5099818511794,1.25395621431819,42.0468525239615,46.9731111783973
2008,-28,"Republican","own_ideology",389,29.7557840616966,1.02944678518389,27.7317919511375,31.7797761722557
2008,-28,"Republican","other_ideology",385,86.3636363636364,1.1288986406624,84.1440399277706,88.5832327995022
2008,-28,"Republican","own_distance",389,20.8868894601542,1.0163865027206,18.8885751301738,22.8852037901346
2008,-28,"Republican","other_distance",384,65.8854166666666,1.54947016744686,62.8388837650705,68.9319495682627
2008,-28,"Democrat","own_ideology",454,63.2709251101322,1.18371078550207,60.9446794299657,65.5971707902987
2008,-28,"Democrat","other_ideology",440,30.0568181818183,1.39217553518868,27.3206607936774,32.7929755699591
2008,-28,"Democrat","own_distance",445,19.6067415730338,1.09246139930663,17.4597039324571,21.7537792136104
2008,-28,"Democrat","other_distance",431,45.2436194895594,1.37962257210014,42.5319765782907,47.9552624008281
2008,-21,"Republican","own_ideology",441,28.2879818594105,0.986881657868389,26.348394137917,30.2275695809041
2008,-21,"Republican","other_ideology",435,86.7816091954021,1.0362982932642,84.7448218305843,88.8183965602199
2008,-21,"Republican","own_distance",438,21.2328767123289,1.02229068521006,19.2236591027785,23.2420943218793
2008,-21,"Republican","other_distance",431,64.3851508120653,1.52243969126146,61.3928013969938,67.3775002271367
2008,-21,"Democrat","own_ideology",552,62.8623188405795,1.0802505818451,60.7404056438757,64.9842320372832
2008,-21,"Democrat","other_ideology",537,27.4208566108007,1.15368746599398,25.1545532933146,29.6871599282869
2008,-21,"Democrat","own_distance",545,19.1743119266056,0.958052404779686,17.2923766973184,21.0562471558927
2008,-21,"Democrat","other_distance",530,45.8490566037733,1.22337962974422,43.4457780515441,48.2523351560026
2008,-14,"Republican","own_ideology",501,29.7904191616768,0.962890264114482,27.8986095584669,31.6822287648867
2008,-14,"Republican","other_ideology",486,86.0082304526746,1.06002443628251,83.9254231143992,88.09103779095
2008,-14,"Republican","own_distance",493,20.7403651115619,0.924482369172413,18.9239445972633,22.5567856258605
2008,-14,"Republican","other_distance",479,64.4050104384135,1.48418023781016,61.4886864029296,67.3213344738974
2008,-14,"Democrat","own_ideology",556,63.3992805755398,1.10263878971202,61.2334250615513,65.5651360895284
2008,-14,"Democrat","other_ideology",541,29.2051756007393,1.22697626385565,26.7949441942934,31.6154070071851
2008,-14,"Democrat","own_distance",543,21.2246777163904,1.01760643416156,19.2257420159203,23.2236134168605
2008,-14,"Democrat","other_distance",532,46.1936090225561,1.28356560704801,43.6721193914067,48.7150986537056
2008,-7,"Republican","own_ideology",465,29.7849462365593,1.02961454512343,27.7616612232654,31.8082312498533
2008,-7,"Republican","other_ideology",458,88.4279475982528,1.05941818013866,86.3460123714383,90.5098828250673
2008,-7,"Republican","own_distance",462,19.3722943722944,0.891093800184374,17.6211852576739,21.1234034869149
2008,-7,"Republican","other_distance",455,68.4065934065936,1.41349415526489,65.6287904908351,71.1843963223521
2008,-7,"Democrat","own_ideology",546,63.1868131868132,1.14673507298042,60.9342513305252,65.4393750431013
2008,-7,"Democrat","other_ideology",539,29.4063079777364,1.16734970567567,27.1131858524797,31.6994301029931
2008,-7,"Democrat","own_distance",535,21.2616822429906,1.01188873340881,19.2739114657254,23.2494530202558
2008,-7,"Democrat","other_distance",529,45.1795841209828,1.23019910076994,42.7628985051355,47.5962697368301
